date,valid_from,valid_to,source,county_name,zone_name,localities,code,code_name,phenomenon,phenomenon_group,geometry_source,match_confidence,alert_id,message,source_url,source_label
2026-07-01,2026-07-01T16:15:00,2026-07-01T17:15:00,nowcasting,Cluj,Cluj - localitati,Poieni; Mărgău; Săcuieu; Beliș,3,Roșu,"averse torențiale care vor acumula peste 30...35 l/mp, frecvente descărcări electrice. În zona avertizată în ultima oră s-au acumulat cantități de 25...35 l/mp.",ploi/vijelii,uat_match,high,1805bf1c5a43f8f2,"averse torențiale care vor acumula peste 30...35 l/mp, frecvente descărcări electrice. În zona avertizată în ultima oră s-au acumulat cantități de 25...35 l/mp.",,
2026-07-01,2026-07-01T16:17:00,2026-07-01T17:15:00,nowcasting,Brașov,Brașov - localitati,Victoria; Recea; Viștea; Ucea; Lisa; Sâmbăta de Sus; Drăguș,2,Portocaliu,"Averse torențiale care vor acumula 25...40 l/mp, intensificări puternice ale vântului (60...80 km/h), frecvente descărcări electrice, grindină de mici și medii dimensiuni (1...3 cm).",ploi/vijelii,uat_match,high,a71c7905d5bc6ff7,"Averse torențiale care vor acumula 25...40 l/mp, intensificări puternice ale vântului (60...80 km/h), frecvente descărcări electrice, grindină de mici și medii dimensiuni (1...3 cm).",,
2026-07-01,2026-07-01T16:45:00,2026-07-01T17:30:00,nowcasting,Constanța,Constanța - localitati,Ostrov; Băneasa; Lipnița; Oltina; Aliman; Dobromir; Ion Corvin,2,Portocaliu,"Averse torențiale care vor acumula 35...40 l/mp, grindină de mici și medii dimensiuni (1…3 cm), frecvente descărcări electrice, intensificări ale vântului cu viteze de 55...70 km/h.",ploi/vijelii,uat_match,high,210b818f07589225,"Averse torențiale care vor acumula 35...40 l/mp, grindină de mici și medii dimensiuni (1…3 cm), frecvente descărcări electrice, intensificări ale vântului cu viteze de 55...70 km/h.",,
2026-07-01,2026-07-01T17:20:00,2026-07-01T18:30:00,nowcasting,Constanța,Constanța - localitati,Gârliciu; Saraiu,2,Portocaliu,"Averse torențiale care vor acumula 35...40 l/mp, grindină de mici și medii dimensiuni (1…3 cm), frecvente descărcări electrice, intensificări ale vântului cu viteze de 55...70 km/h.",ploi/vijelii,coordGis,high,6ce82991aacce8b9,"Averse torențiale care vor acumula 35...40 l/mp, grindină de mici și medii dimensiuni (1…3 cm), frecvente descărcări electrice, intensificări ale vântului cu viteze de 55...70 km/h.",,
2026-07-01,2026-07-01T17:20:00,2026-07-01T18:30:00,nowcasting,Tulcea,Tulcea - localitati,Topolog; Casimcea; Dăeni; Stejaru; Ciucurova; Dorobanțu; Beidaud,2,Portocaliu,"Averse torențiale care vor acumula 35...40 l/mp, grindină de mici și medii dimensiuni (1…3 cm), frecvente descărcări electrice, intensificări ale vântului cu viteze de 55...70 km/h.",ploi/vijelii,uat_match,high,6ce82991aacce8b9,"Averse torențiale care vor acumula 35...40 l/mp, grindină de mici și medii dimensiuni (1…3 cm), frecvente descărcări electrice, intensificări ale vântului cu viteze de 55...70 km/h.",,
2026-07-01,2026-07-01T19:25:00,2026-07-01T20:30:00,nowcasting,Argeș,Argeș - localitati,Curtea de Argeș; Bascov; Poiana Lacului; Băiculești; Vedea; Mălureni; Merișani; Moșoaia; Budeasa; Cocu; Uda; Ciofrângeni; Băbana; Cuca; Cotmeana; Morărești; Drăganu; Poienarii de Argeș,3,Roșu,"averse torențiale care vor acumula peste 30...40 l/mp, frecvente descărcări electrice. În zona avertizată în ultimele ore s-au acumulat cantități de 40...50 l/mp.",ploi/vijelii,coordGis,high,1198060c3ad3027c,"averse torențiale care vor acumula peste 30...40 l/mp, frecvente descărcări electrice. În zona avertizată în ultimele ore s-au acumulat cantități de 40...50 l/mp.",,
2026-07-02,2026-07-01T23:25:00,2026-07-02T00:10:00,nowcasting,Bistrița-Năsăud,Bistrița-Năsăud - localitati,Teaca; Lechința; Matei; Galații Bistriței; Urmeniș; Budești; Sânmihaiu de Câmpie; Milaș; Miceștii de Câmpie; Silivașu de Câmpie,2,Portocaliu,"Averse torențiale care vor acumula local 25...40 l/mp,  intensificări puternice ale vântului, vijelie (60...80 km/h), frecvente descărcări electrice, grindină de medii dimensiuni (2...4 cm).",ploi/vijelii,coordGis,high,25a2a0a32c2ac24f,"Averse torențiale care vor acumula local 25...40 l/mp,  intensificări puternice ale vântului, vijelie (60...80 km/h), frecvente descărcări electrice, grindină de medii dimensiuni (2...4 cm).",,
2026-07-02,2026-07-02T00:20:00,2026-07-02T01:00:00,nowcasting,Caraș-Severin,Caraș-Severin - localitati,Băile Herculane; Mehadia; Cornereva; Topleț; Iablanița; Cornea,3,Roșu,"averse torențiale care vor acumula peste 25...35 l/mp, frecvente descărcări electrice. În zona avertizată în ultima oră s-au acumulat cantități de 30...40 l/mp.",ploi/vijelii,uat_match,high,5699cf741d30d8ce,"averse torențiale care vor acumula peste 25...35 l/mp, frecvente descărcări electrice. În zona avertizată în ultima oră s-au acumulat cantități de 30...40 l/mp.",,
2026-07-02,2026-07-02T01:00:00,2026-07-02T02:00:00,nowcasting,Constanța,Constanța - localitati,Gârliciu; Saraiu,2,Portocaliu,"Averse torențiale care vor acumula 20...30 l/mp, frecvente descărcări electrice, grindină de mici dimensiuni. În zona avertizată în ultimele ore s-au acumulat cantități de 25...30 l/mp.",ploi/vijelii,coordGis,high,3acb1e11b16893b0,"Averse torențiale care vor acumula 20...30 l/mp, frecvente descărcări electrice, grindină de mici dimensiuni. În zona avertizată în ultimele ore s-au acumulat cantități de 25...30 l/mp.",,
2026-07-02,2026-07-02T01:00:00,2026-07-02T02:00:00,nowcasting,Tulcea,Tulcea - localitati,Casimcea; Dăeni,2,Portocaliu,"Averse torențiale care vor acumula 20...30 l/mp, frecvente descărcări electrice, grindină de mici dimensiuni. În zona avertizată în ultimele ore s-au acumulat cantități de 25...30 l/mp.",ploi/vijelii,uat_match,high,3acb1e11b16893b0,"Averse torențiale care vor acumula 20...30 l/mp, frecvente descărcări electrice, grindină de mici dimensiuni. În zona avertizată în ultimele ore s-au acumulat cantități de 25...30 l/mp.",,
2026-07-02,2026-07-02T13:40:00,2026-07-02T14:40:00,nowcasting,Tulcea,Tulcea - localitati,Baia; Casimcea; Stejaru; Beidaud,3,Roșu,"Averse torențiale care vor acumula peste 25 l/mp, frecvente descărcări electrice. În zona avertizată în ultimele ore s-au acumulat cantități de apă de 25...40 l/mp.",ploi/vijelii,coordGis,high,af0b02e1ea36bbb7,"Averse torențiale care vor acumula peste 25 l/mp, frecvente descărcări electrice. În zona avertizată în ultimele ore s-au acumulat cantități de apă de 25...40 l/mp.",,
2026-07-02,2026-07-02T14:24:00,2026-07-02T15:30:00,nowcasting,Vrancea,Vrancea - localitati,Gugești; Cotești; Dumbrăveni; Milcovul; Gologanu; Popești; Gura Caliței; Poiana Cristei; Tâmboești; Urechești; Slobozia Ciorăști; Bordești,2,Portocaliu,"Averse torențiale care vor acumula 25...40 l/mp, frecvente descărcări electrice, grindină de medii dimensiuni (2...4 cm).",ploi/vijelii,coordGis,high,86461e0c2481c2e2,"Averse torențiale care vor acumula 25...40 l/mp, frecvente descărcări electrice, grindină de medii dimensiuni (2...4 cm).",,
2026-07-02,2026-07-02T16:55:00,2026-07-02T18:00:00,nowcasting,Galați,Galați - localitati,Tecuci; Liești; Matca; Cudalbi; Umbrărești; Cosmești; Barcea; Drăgănești; Tudor Vladimirescu; Piscu; Ivești; Independența; Fundeni; Grivița; Braniștea; Nămoloasa; Movileni,2,Portocaliu,"Local intensificări ale vântului, cu viteze la rafală de 70…90 km/h, frecvente descărcări electrice, grindină de mici și medii dimensiuni (2...4 cm), averse torențiale ce vor acumula 25....30 l/mp.",ploi/vijelii,coordGis,high,d3051555a41e9c43,"Local intensificări ale vântului, cu viteze la rafală de 70…90 km/h, frecvente descărcări electrice, grindină de mici și medii dimensiuni (2...4 cm), averse torențiale ce vor acumula 25....30 l/mp.",,
2026-07-02,2026-07-02T16:55:00,2026-07-02T18:00:00,nowcasting,Vrancea,Vrancea - localitati,Nănești,2,Portocaliu,"Local intensificări ale vântului, cu viteze la rafală de 70…90 km/h, frecvente descărcări electrice, grindină de mici și medii dimensiuni (2...4 cm), averse torențiale ce vor acumula 25....30 l/mp.",ploi/vijelii,uat_match,high,d3051555a41e9c43,"Local intensificări ale vântului, cu viteze la rafală de 70…90 km/h, frecvente descărcări electrice, grindină de mici și medii dimensiuni (2...4 cm), averse torențiale ce vor acumula 25....30 l/mp.",,
2026-07-02,2026-07-02T18:46:00,2026-07-02T19:45:00,nowcasting,Constanța,Constanța - localitati,Năvodari; Corbu,3,Roșu,"Averse torențiale care vor acumula peste 25...30 l/mp, frecvente descărcări electrice. În zona avertizată în ultimele ore s-au acumulat cantități de apă de 40 l/mp.",ploi/vijelii,uat_match,high,84b76d366eb9f5a7,"Averse torențiale care vor acumula peste 25...30 l/mp, frecvente descărcări electrice. În zona avertizată în ultimele ore s-au acumulat cantități de apă de 40 l/mp.",,
2026-07-02,2026-07-02T19:00:00,2026-07-02T20:00:00,nowcasting,Suceava,Suceava - localitati,Câmpulung Moldovenesc; Moldovița; Vatra Moldoviței; Fundu Moldovei; Brodina; Putna; Frumosu; Mănăstirea Humorului; Pojorâta; Iacobeni; Sucevița; Sadova; Izvoarele Sucevei; Ulma; Moldova-Sulița; Cârlibaba; Breaza,3,Roșu,"Local averse torențiale care vor acumula peste 25...30 l/mp, frecvente descărcări electrice. În zona avertizată în ultimele ore s-au acumulat cantități de 40...50 l/mp.",ploi/vijelii,uat_match,medium,c5a127fa9bf3b271,"Local averse torențiale care vor acumula peste 25...30 l/mp, frecvente descărcări electrice. În zona avertizată în ultimele ore s-au acumulat cantități de 40...50 l/mp.",,
2026-07-02,2026-07-02T19:12:00,2026-07-02T20:40:00,nowcasting,Maramureș,Maramureș - localitati,Borșa; Vișeu de Sus; Poienile de Sub Munte; Moisei; Săliștea de Sus; Vișeu de Jos; Ruscova; Repedea; Săcel; Bogdan Vodă; Dragomirești; Leordina,3,Roșu,"Local averse torențiale care vor acumula peste 25 l/mp, descărcări electrice. În zona avertizată în ultimele ore s-au acumulat cantități de 40...50 l/mp.",ploi/vijelii,uat_match,high,8e236cd6488026ea,"Local averse torențiale care vor acumula peste 25 l/mp, descărcări electrice. În zona avertizată în ultimele ore s-au acumulat cantități de 40...50 l/mp.",,
2026-07-02,2026-07-02T19:32:00,2026-07-02T20:15:00,nowcasting,Constanța,Constanța - localitati,23 August; Limanu; Pecineaga; Costinești; Mangalia,3,Roșu,"Averse torențiale care vor acumula peste 25...30 l/mp, frecvente descărcări electrice. În zona avertizată în ultimele ore s-au acumulat cantități de apă de 40...50 l/mp.",ploi/vijelii,coordGis,high,2753a56f4abcb0ed,"Averse torențiale care vor acumula peste 25...30 l/mp, frecvente descărcări electrice. În zona avertizată în ultimele ore s-au acumulat cantități de apă de 40...50 l/mp.",,
2026-07-02,2026-07-02T20:45:00,2026-07-02T22:00:00,nowcasting,Botoșani,Botoșani - localitati,Suharău; Ibănești; Șendriceni; Cristinești; Dersca; Hilișeu-Horia; Pomârla; Mihăileni; Cândești; Lozna,3,Roșu,"local averse torențiale care vor acumula peste 30....35 l/mp, frecvente descărcări electrice. În zona avertizată în ultimele ore s-au acumulat cantități de apă de peste 40...50 l/mp.",ploi/vijelii,coordGis,high,52574475b12021eb,"local averse torențiale care vor acumula peste 30....35 l/mp, frecvente descărcări electrice. În zona avertizată în ultimele ore s-au acumulat cantități de apă de peste 40...50 l/mp.",,
2026-07-02,2026-07-02T20:45:00,2026-07-02T22:00:00,nowcasting,Suceava,Suceava - localitati,Siret; Frătăuții Noi; Dărmănești; Frătăuții Vechi; Grănicești; Dornești; Satu Mare; Bălcăuți; Zamostea; Grămești; Calafindești; Gălănești; Mușenița; Șerbăuți,3,Roșu,"local averse torențiale care vor acumula peste 30....35 l/mp, frecvente descărcări electrice. În zona avertizată în ultimele ore s-au acumulat cantități de apă de peste 40...50 l/mp.",ploi/vijelii,uat_match,high,52574475b12021eb,"local averse torențiale care vor acumula peste 30....35 l/mp, frecvente descărcări electrice. În zona avertizată în ultimele ore s-au acumulat cantități de apă de peste 40...50 l/mp.",,
2026-07-03,2026-07-03T05:30:00,2026-07-03T07:30:00,nowcasting,Botoșani,Botoșani - localitati,Dorohoi; Ibănești; Șendriceni; Vârfu Câmpului; Cristinești; Dersca; Hilișeu-Horia; Pomârla; Mihăileni; Cândești; Văculești; Lozna,1,Galben,"local averse torențiale care vor acumula 20...25 l/mp, descărcări electrice, grindină de mici dimensiuni (1... 2 cm).",ploi/vijelii,uat_match,medium,d29be702b7b5cf95,"local averse torențiale care vor acumula 20...25 l/mp, descărcări electrice, grindină de mici dimensiuni (1... 2 cm).",,
2026-07-03,2026-07-03T05:30:00,2026-07-03T07:30:00,nowcasting,Suceava,Suceava - localitati,Rădăuți; Gura Humorului; Cajvana; Vicovu de Sus; Siret; Marginea; Cornu Luncii; Arbore; Mălini; Șcheia; Frasin; Stulpicani; Baia; Vama; Zvoriștea; Todirești; Vicovu de Jos; Straja; Păltinoasa; Frătăuții Noi; Dărmănești; Slatina; Milișăuți; Frătăuții Vechi; Grănicești; Râșca; Volovăț; Vatra Moldoviței; Horodnic de Sus; Dornești; Cacica; Moara; Horodniceni; Satu Mare; Adâncata; Ostra; Putna; Bilca; Mitocu Dragomirnei; Frumosu; Pătrăuți; Stroiești; Mănăstirea Humorului; Bălcăuți; Iaslovăț; Zamostea; Voitinel; Valea Moldovei; Grămești; Pârteștii de Jos; Calafindești; Drăgoiești; Solca; Gălănești; Botoșana; Horodnic de Jos; Berchisesti; Sucevița; Ilișești; Mușenița; Comănești; Capu Câmpului; Poieni-Solca; Șerbăuți; Ciprian Porumbescu; Burla; Bălăceana,1,Galben,"local averse torențiale care vor acumula 20...25 l/mp, descărcări electrice, grindină de mici dimensiuni (1... 2 cm).",ploi/vijelii,uat_match,medium,d29be702b7b5cf95,"local averse torențiale care vor acumula 20...25 l/mp, descărcări electrice, grindină de mici dimensiuni (1... 2 cm).",,
2026-07-03,2026-07-03T06:35:00,2026-07-03T08:00:00,nowcasting,Sibiu,Sibiu - localitati,Sibiu; Cisnădie; Avrig; Tălmaciu; Șelimbăr; Boița,1,Galben,"Ceață ce determină vizibilitate redusă, local sub 200 m și izolat sub 50 m.",ceata,uat_match,high,f7efb14bdbe9a367,"Ceață ce determină vizibilitate redusă, local sub 200 m și izolat sub 50 m.",,
2026-07-03,2026-07-03T07:12:00,2026-07-03T08:00:00,nowcasting,Botoșani,Botoșani - localitati,Mihai Eminescu; Vlădeni; Vârfu Câmpului; Roma; Leorda; Brăești; Văculești; Bucecea,1,Galben,"local averse torențiale care vor acumula 20...25 l/mp, descărcări electrice, grindină (1...2 cm).",ploi/vijelii,coordGis,high,4aa46b258b02ea37,"local averse torențiale care vor acumula 20...25 l/mp, descărcări electrice, grindină (1...2 cm).",,
2026-07-03,2026-07-03T07:12:00,2026-07-03T08:00:00,nowcasting,Suceava,Suceava - localitati,Dumbrăveni; Adâncata; Hânțești; Siminicea,1,Galben,"local averse torențiale care vor acumula 20...25 l/mp, descărcări electrice, grindină (1...2 cm).",ploi/vijelii,uat_match,high,4aa46b258b02ea37,"local averse torențiale care vor acumula 20...25 l/mp, descărcări electrice, grindină (1...2 cm).",,
2026-07-03,2026-07-03T12:05:00,2026-07-03T13:30:00,nowcasting,Constanța,Constanța - localitati,Mihail Kogălniceanu; Lumina; Cogealac; Nicolae Bălcescu; Castelu; Poarta Albă; Mihai Viteazu; Cuza Voda; Pantelimon; Târgușor; Fântânele; Tortoman; Grădina,1,Galben,"Averse torențiale care vor acumula 15...25 l/mp, descărcări electrice, intensificări ale vântului (rafale de 45 - 60 km/h), grindină de mici dimensiuni (1...2 cm).",ploi/vijelii,uat_match,medium,9443613bd6c5c49b,"Averse torențiale care vor acumula 15...25 l/mp, descărcări electrice, intensificări ale vântului (rafale de 45 - 60 km/h), grindină de mici dimensiuni (1...2 cm).",,
2026-07-03,2026-07-03T13:00:00,2026-07-03T14:00:00,nowcasting,Constanța,Constanța - localitati,Năvodari; Ovidiu; Mihail Kogălniceanu; Lumina; Cogealac; Nicolae Bălcescu; Corbu; Castelu; Poarta Albă; Mihai Viteazu; Istria; Săcele; Târgușor; Fântânele; Tortoman; Grădina,2,Portocaliu,"Averse torențiale care vor acumula 25...40 l/mp, grindină de mici și medii dimensiuni (1…3 cm), frecvente descărcări electrice, intensificări ale vântului cu viteze de 50...60 km/h.",ploi/vijelii,uat_match,medium,938ca0f380bbadc1,"Averse torențiale care vor acumula 25...40 l/mp, grindină de mici și medii dimensiuni (1…3 cm), frecvente descărcări electrice, intensificări ale vântului cu viteze de 50...60 km/h.",,
2026-07-03,2026-07-03T13:00:00,2026-07-03T14:00:00,nowcasting,Vâlcea,Vâlcea - localitati,Băbeni; Berbești; Frâncești; Alunu; Tomșani; Cernișoara; Roșiile; Mateești; Popești; Păușești; Oteșani; Stroești; Grădiștea; Copăceni; Șirineasa; Sinești; Lădești; Lăpușata; Roești; Pesceana; Măldărești,2,Portocaliu,"Averse torențiale care vor acumula 25...40 l/mp, frecvente descărcări electrice, intensificări ale vântului (50...60 km/h), vijelie, grindină (1...3 cm).",ploi/vijelii,uat_match,medium,1bc48a78bcfcb240,"Averse torențiale care vor acumula 25...40 l/mp, frecvente descărcări electrice, intensificări ale vântului (50...60 km/h), vijelie, grindină (1...3 cm).",,
2026-07-03,2026-07-03T13:20:00,2026-07-03T15:00:00,nowcasting,Constanța,Constanța - localitati,Constanța; Medgidia; Murfatlar; Eforie; Cobadin; Cumpăna; Valu lui Traian; Techirghiol; Tuzla; Negru Vodă; Topraisar; 23 August; Agigea; Limanu; Chirnogeni; Albești; Ciocârlia; Amzacea; Pecineaga; Mereni; Costinești; Comana; Bărăganu; Mangalia,1,Galben,"Averse torențiale care vor acumula 15...25 l/mp, descărcări electrice, intensificări ale vântului (rafale de 50 - 55 km/h), grindină de mici dimensiuni (1…2 cm).",ploi/vijelii,uat_match,medium,a86b4e066e46018e,"Averse torențiale care vor acumula 15...25 l/mp, descărcări electrice, intensificări ale vântului (rafale de 50 - 55 km/h), grindină de mici dimensiuni (1…2 cm).",,
2026-07-03,2026-07-03T13:25:00,2026-07-03T14:30:00,nowcasting,Buzău,Buzău - localitati,Berca; Pârscov; Lopătari; Vintilă Vodă; Scorțoasa; Mânzălești; Cozieni; Brăești; Bozioru; Odăile; Cănești; Chiliile,2,Portocaliu,"Averse torențiale care vor acumula 25...40 l/mp, frecvente descărcări electrice, intensificări ale vântului (50...60 km/h), vijelie, grindină de mici și posibil medii dimensiuni (1...4 cm).",ploi/vijelii,coordGis,high,648488d8a2781011,"Averse torențiale care vor acumula 25...40 l/mp, frecvente descărcări electrice, intensificări ale vântului (50...60 km/h), vijelie, grindină de mici și posibil medii dimensiuni (1...4 cm).",,
2026-07-03,2026-07-03T14:15:00,2026-07-03T15:30:00,nowcasting,Călărași,Călărași - localitati,Dor Mărunt; Lehliu Gară; Mânăstirea; Ciocănești; Spanțov; Ileana; Lupșanu; Chiselet; Dorobanțu; Alexandru Odobescu; Lehliu; Valea Argovei; Vlad Țepeș; Frăsinet; Ulmu; Nicolae Bălcescu,1,Galben,"Averse torențiale care vor acumula 15...25 l/mp, descărcări electrice, intensificări ale vântului (rafale de 50 - 70 km/h), grindină de mici dimensiuni (1...2 cm).",ploi/vijelii,uat_match,high,ccfec8fb408cd148,"Averse torențiale care vor acumula 15...25 l/mp, descărcări electrice, intensificări ale vântului (rafale de 50 - 70 km/h), grindină de mici dimensiuni (1...2 cm).",,
2026-07-03,2026-07-03T14:15:00,2026-07-03T15:30:00,nowcasting,Ialomița,Ialomița - localitati,Gârbovi; Munteni-Buzău; Căzănești; Ion Roată; Ciochina; Axintele; Sălcioara; Alexeni; Grindu; Sfântu Gheorghe; Valea Măcrișului; Balaciu; Colelia; Sărățeni,1,Galben,"Averse torențiale care vor acumula 15...25 l/mp, descărcări electrice, intensificări ale vântului (rafale de 50 - 70 km/h), grindină de mici dimensiuni (1...2 cm).",ploi/vijelii,uat_match,high,ccfec8fb408cd148,"Averse torențiale care vor acumula 15...25 l/mp, descărcări electrice, intensificări ale vântului (rafale de 50 - 70 km/h), grindină de mici dimensiuni (1...2 cm).",,
2026-07-03,2026-07-03T14:35:00,2026-07-03T15:30:00,nowcasting,Olt,Olt - localitati,Potcoava; Movileni; Crâmpoia; Corbu; Tufeni; Șerbănești; Icoana; Ghimpețeni; Nicolae Titulescu,2,Portocaliu,"Averse torențiale care vor acumula 20...30 l/mp, frecvente descărcări electrice, intensificări ale vântului (50...70 km/h),  grindină de mici dimensiuni (1...2 cm). În zona avertizată în ultimele ore s-au acumulat cantități de 20...25 l/mp.",ploi/vijelii,uat_match,medium,d61cdd42d0d8267e,"Averse torențiale care vor acumula 20...30 l/mp, frecvente descărcări electrice, intensificări ale vântului (50...70 km/h),  grindină de mici dimensiuni (1...2 cm). În zona avertizată în ultimele ore s-au acumulat cantități de 20...25 l/mp.",,
2026-07-03,2026-07-03T14:40:00,2026-07-03T15:30:00,nowcasting,Mehedinți,Mehedinți - localitati,Șimian; Vânju Mare; Tâmna; Șișești; Malovăț; Prunișor; Hinova; Florești; Căzănești; Livezile; Husnicioara; Poroina Mare; Rogova,1,Galben,"Averse torențiale care vor acumula 15...25 l/mp, descărcări electrice, intensificări ale vântului (50...70 km/h), vijelie, grindină de mici şi posibil medii dimensiuni (1...3 cm).",ploi/vijelii,uat_match,medium,7ccdfee2f80a97ce,"Averse torențiale care vor acumula 15...25 l/mp, descărcări electrice, intensificări ale vântului (50...70 km/h), vijelie, grindină de mici şi posibil medii dimensiuni (1...3 cm).",,
2026-07-03,2026-07-03T14:50:00,2026-07-03T16:00:00,nowcasting,Gorj,Gorj - localitati,Târgu Jiu; Bumbești-Jiu; Târgu Cărbunești; Crasna; Țicleni; Scoarța; Aninoasa; Vladimir; Dănești; Săulești; Bălănești; Mușetești; Jupânești; Săcelu; Bărbătești,2,Portocaliu,"Averse torențiale care vor acumula 25...40 l/mp, frecvente descărcări electrice, intensificări ale vântului (50...70 km/h), vijelie, grindină de mici şi medii dimensiuni (1...4 cm).",ploi/vijelii,uat_match,medium,cc3f5f5f1430f3a7,"Averse torențiale care vor acumula 25...40 l/mp, frecvente descărcări electrice, intensificări ale vântului (50...70 km/h), vijelie, grindină de mici şi medii dimensiuni (1...4 cm).",,
2026-07-03,2026-07-03T15:00:00,2026-07-03T16:00:00,nowcasting,Constanța,Constanța - localitati,Cobadin; Cogealac; Negru Vodă; Topraisar; 23 August; Limanu; Chirnogeni; Albești; Ciocârlia; Amzacea; Pecineaga; Mereni; Gârliciu; Comana; Bărăganu; Pantelimon; Saraiu,1,Galben,"Averse torențiale care vor acumula 15...25 l/mp, descărcări electrice, intensificări ale vântului (rafale de 50 - 55 km/h), grindină de mici dimensiuni (1…2 cm).",ploi/vijelii,uat_match,medium,ddc037e739e17ab8,"Averse torențiale care vor acumula 15...25 l/mp, descărcări electrice, intensificări ale vântului (rafale de 50 - 55 km/h), grindină de mici dimensiuni (1…2 cm).",,
2026-07-03,2026-07-03T15:00:00,2026-07-03T16:00:00,nowcasting,Giurgiu,Giurgiu - localitati,Răsuceni; Vedea; Putineiu; Găujani; Malu; Toporu; Gogoșari,2,Portocaliu,"Averse torențiale care vor acumula 25...40 l/mp, frecvente descărcări electrice, intensificări ale vântului (50...60 km/h), vijelie, grindină de mici și posibil medii dimensiuni (1...4 cm).",ploi/vijelii,uat_match,high,ad3c98034c859dec,"Averse torențiale care vor acumula 25...40 l/mp, frecvente descărcări electrice, intensificări ale vântului (50...60 km/h), vijelie, grindină de mici și posibil medii dimensiuni (1...4 cm).",,
2026-07-03,2026-07-03T15:00:00,2026-07-03T16:00:00,nowcasting,Teleorman,Teleorman - localitati,Botoroaga; Drăgănești-Vlașca; Pietroșani; Mereni; Moșteni; Bujoreni; Răsmirești; Crevenicu,2,Portocaliu,"Averse torențiale care vor acumula 25...40 l/mp, frecvente descărcări electrice, intensificări ale vântului (50...60 km/h), vijelie, grindină de mici și posibil medii dimensiuni (1...4 cm).",ploi/vijelii,uat_match,high,ad3c98034c859dec,"Averse torențiale care vor acumula 25...40 l/mp, frecvente descărcări electrice, intensificări ale vântului (50...60 km/h), vijelie, grindină de mici și posibil medii dimensiuni (1...4 cm).",,
2026-07-03,2026-07-03T15:00:00,2026-07-03T16:00:00,nowcasting,Tulcea,Tulcea - localitati,Topolog; Cerna; Turcoaia; Casimcea; Dăeni; Stejaru; Ostrov; Ciucurova; Peceneaga; Dorobanțu; Beidaud; Horia; Valea Teilor; Hamcearca,1,Galben,"Averse torențiale care vor acumula 15...25 l/mp, descărcări electrice, intensificări ale vântului (rafale de 50 - 55 km/h), grindină de mici dimensiuni (1…2 cm).",ploi/vijelii,uat_match,high,ddc037e739e17ab8,"Averse torențiale care vor acumula 15...25 l/mp, descărcări electrice, intensificări ale vântului (rafale de 50 - 55 km/h), grindină de mici dimensiuni (1…2 cm).",,
2026-07-03,2026-07-03T15:05:00,2026-07-03T16:00:00,nowcasting,Dolj,Dolj - localitati,Bârca; Cerăt; Goicea; Giurgița; Lipovu; Urzicuța; Siliștea Crucii; Măceșu de Sus; Întorsura,2,Portocaliu,"Averse torențiale care vor acumula 25...40 l/mp, frecvente descărcări electrice, intensificări ale vântului (50...70 km/h), vijelie, grindină de mici şi medii dimensiuni (1...4 cm).",ploi/vijelii,uat_match,medium,f33152bc1a04b17f,"Averse torențiale care vor acumula 25...40 l/mp, frecvente descărcări electrice, intensificări ale vântului (50...70 km/h), vijelie, grindină de mici şi medii dimensiuni (1...4 cm).",,
2026-07-03,2026-07-03T15:05:00,2026-07-03T16:00:00,nowcasting,Olt,Olt - localitati,Scornicești; Valea Mare; Colonești; Schitu; Teslui; Perieți; Sârbii - Măgura; Priseaca; Bălteni; Optași-Măgura; Tătulești; Oporelu,2,Portocaliu,"Averse torențiale care vor acumula 25...40 l/mp, frecvente descărcări electrice, intensificări ale vântului (50...70 km/h), vijelie, grindină de mici şi medii dimensiuni (1...4 cm).",ploi/vijelii,uat_match,high,f33152bc1a04b17f,"Averse torențiale care vor acumula 25...40 l/mp, frecvente descărcări electrice, intensificări ale vântului (50...70 km/h), vijelie, grindină de mici şi medii dimensiuni (1...4 cm).",,
2026-07-03,2026-07-03T15:30:00,2026-07-03T16:30:00,nowcasting,Brăila,Brăila - localitati,Stăncuța; Mărașu; Berteștii de Jos; Frecăței,1,Galben,"Averse torențiale care vor acumula 15...25 l/mp, descărcări electrice, intensificări ale vântului (rafale de 50 - 55 km/h), grindină de mici dimensiuni (1…2 cm).",ploi/vijelii,coordGis,high,6080df68b98aaaae,"Averse torențiale care vor acumula 15...25 l/mp, descărcări electrice, intensificări ale vântului (rafale de 50 - 55 km/h), grindină de mici dimensiuni (1…2 cm).",,
2026-07-03,2026-07-03T15:30:00,2026-07-03T16:30:00,nowcasting,Ialomița,Ialomița - localitati,Munteni-Buzău; Căzănești; Ciochina; Reviga; Perieți; Gheorghe Doja; Andrășești; Giurgeni; Albești; Buești,1,Galben,"Averse torențiale care vor acumula 15...25 l/mp, descărcări electrice, intensificări ale vântului (rafale de 50 - 55 km/h), grindină de mici dimensiuni (1…2 cm).",ploi/vijelii,uat_match,high,6080df68b98aaaae,"Averse torențiale care vor acumula 15...25 l/mp, descărcări electrice, intensificări ale vântului (rafale de 50 - 55 km/h), grindină de mici dimensiuni (1…2 cm).",,
2026-07-03,2026-07-03T16:50:00,2026-07-03T18:00:00,nowcasting,Dolj,Dolj - localitati,Segarcea; Bucovăț; Calopăr; Cerăt; Vârvoru de Jos; Giurgița; Lipovu; Terpezița; Predești; Perișor; Sălcuța; Întorsura; Radovan,3,Roșu,"Averse torențiale care vor acumula peste 25...30 l/mp, frecvente descărcări electrice, vijelie (50...70 km/h), grindină de mici si medii dimensiuni (1...4 cm). În zona avertizată în ultimele ore s-au acumulat cantități de 40...50 l/mp.",ploi/vijelii,uat_match,medium,762abbaf38cd1df6,"Averse torențiale care vor acumula peste 25...30 l/mp, frecvente descărcări electrice, vijelie (50...70 km/h), grindină de mici si medii dimensiuni (1...4 cm). În zona avertizată în ultimele ore s-au acumulat cantități de 40...50 l/mp.",,
2026-07-03,2026-07-03T17:00:00,2026-07-03T18:00:00,nowcasting,Dolj,Dolj - localitati,Șimnicu de Sus; Pielești; Dioști; Orodel; Robănești; Murgași; Teslui; Drăgotești; Mischii; Vârtop; Ghercești; Izvoare,1,Galben,"Averse torențiale care vor acumula 15...25 l/mp, descărcări electrice, intensificări ale vântului (50...70 km/h), grindină de mici dimensiuni (1...2 cm).",ploi/vijelii,uat_match,medium,82f6e02bae01b800,"Averse torențiale care vor acumula 15...25 l/mp, descărcări electrice, intensificări ale vântului (50...70 km/h), grindină de mici dimensiuni (1...2 cm).",,
2026-07-03,2026-07-03T17:00:00,2026-07-03T18:00:00,nowcasting,Olt,Olt - localitati,Slatina; Balș; Piatra-Olt; Osica de Sus; Rusănești; Radomirești; Iancu Jianu; Curtișoara; Găneasa; Dăneasa; Strejești; Pleșoiu; Brâncoveni; Bobicești; Gostavățu; Pârșcoveni; Scărișoara; Sprâncenata; Morunglav; Drăghiceni; Cârlogani; Vulpeni; Bârza; Slătioara; Băbiciu; Voineasa; Găvănești; Cezieni; Mihăești; Călui; Oboga; Dobrun; Osica de Jos; Șopârlița; Dobrețu; Baldovinești,1,Galben,"Averse torențiale care vor acumula 15...25 l/mp, descărcări electrice, intensificări ale vântului (50...70 km/h), grindină de mici dimensiuni (1...2 cm).",ploi/vijelii,uat_match,medium,82f6e02bae01b800,"Averse torențiale care vor acumula 15...25 l/mp, descărcări electrice, intensificări ale vântului (50...70 km/h), grindină de mici dimensiuni (1...2 cm).",,
2026-07-03,2026-07-03T17:00:00,2026-07-03T18:00:00,nowcasting,Vâlcea,Vâlcea - localitati,Laloșu,1,Galben,"Averse torențiale care vor acumula 15...25 l/mp, descărcări electrice, intensificări ale vântului (50...70 km/h), grindină de mici dimensiuni (1...2 cm).",ploi/vijelii,uat_match,high,82f6e02bae01b800,"Averse torențiale care vor acumula 15...25 l/mp, descărcări electrice, intensificări ale vântului (50...70 km/h), grindină de mici dimensiuni (1...2 cm).",,
2026-07-03,2026-07-03T17:15:00,2026-07-03T18:15:00,nowcasting,Olt,Olt - localitati,Corabia; Brastavățu; Izbiceni; Rusănești; Tia Mare; Cilieni; Traian; Vișina; Studina; Giuvărăști; Gârcov; Vlădila; Grădinile,1,Galben,"Averse torențiale care vor acumula 15...25 l/mp, descărcări electrice, intensificări ale vântului (50...70 km/h), grindină de mici dimensiuni (1...2 cm).",ploi/vijelii,uat_match,medium,202842ade593dab8,"Averse torențiale care vor acumula 15...25 l/mp, descărcări electrice, intensificări ale vântului (50...70 km/h), grindină de mici dimensiuni (1...2 cm).",,
2026-07-03,2026-07-03T17:17:00,2026-07-03T18:10:00,nowcasting,Teleorman,Teleorman - localitati,Turnu Magurele; Islaz; Segarcea-Vale; Lunca; Lița; Plopii-Slăvitești; Suhaia; Saelele; Seaca; Lisa; Slobozia Mândra; Traian; Uda-Clocociov; Beciu; Ciuperceni,2,Portocaliu,"Averse torențiale care vor acumula 25...40 l/mp, frecvente descărcări electrice, intensificări ale vântului (60...80 km/h), vijelie, grindină de mici şi medii dimensiuni (1...4 cm).",ploi/vijelii,uat_match,high,8a2c89dcbdb90c8d,"Averse torențiale care vor acumula 25...40 l/mp, frecvente descărcări electrice, intensificări ale vântului (60...80 km/h), vijelie, grindină de mici şi medii dimensiuni (1...4 cm).",,
2026-07-03,2026-07-03T17:20:00,2026-07-03T18:20:00,nowcasting,Dolj,Dolj - localitati,Craiova; Podari; Șimnicu de Sus; Bucovăț; Teasc; Coșoveni; Malu Mare; Țuglui; Ghindeni; Ghercești; Cârcea,1,Galben,"Averse torențiale care vor acumula 15...25 l/mp, descărcări electrice, intensificări ale vântului (50...70 km/h), grindină de mici dimensiuni (1...2 cm).",ploi/vijelii,uat_match,high,ff5c957fbcaac162,"Averse torențiale care vor acumula 15...25 l/mp, descărcări electrice, intensificări ale vântului (50...70 km/h), grindină de mici dimensiuni (1...2 cm).",,
2026-07-03,2026-07-03T17:22:00,2026-07-03T18:15:00,nowcasting,Călărași,Călărași - localitati,Fundulea; Spanțov; Ileana; Chiselet; Sărulești; Valea Argovei; Tămădău Mare; Belciugatele; Gurbănești; Nicolae Bălcescu,2,Portocaliu,"Averse torențiale care vor acumula 25...40 l/mp, frecvente descărcări electrice, intensificări ale vântului (60...80 km/h), vijelie, grindină de mici şi medii dimensiuni (1...4 cm).",ploi/vijelii,uat_match,high,7f4f27aaf924804a,"Averse torențiale care vor acumula 25...40 l/mp, frecvente descărcări electrice, intensificări ale vântului (60...80 km/h), vijelie, grindină de mici şi medii dimensiuni (1...4 cm).",,
2026-07-03,2026-07-03T17:22:00,2026-07-03T18:15:00,nowcasting,Ialomița,Ialomița - localitati,Fierbinți-Târg; Dridu; Movilița; Sinești; Roșiori; Maia; Rădulești; Drăgoești,2,Portocaliu,"Averse torențiale care vor acumula 25...40 l/mp, frecvente descărcări electrice, intensificări ale vântului (60...80 km/h), vijelie, grindină de mici şi medii dimensiuni (1...4 cm).",ploi/vijelii,uat_match,high,7f4f27aaf924804a,"Averse torențiale care vor acumula 25...40 l/mp, frecvente descărcări electrice, intensificări ale vântului (60...80 km/h), vijelie, grindină de mici şi medii dimensiuni (1...4 cm).",,
2026-07-03,2026-07-03T17:22:00,2026-07-03T18:15:00,nowcasting,Ilfov,Ilfov - localitati,Gruiu; Nuci; Grădiștea,2,Portocaliu,"Averse torențiale care vor acumula 25...40 l/mp, frecvente descărcări electrice, intensificări ale vântului (60...80 km/h), vijelie, grindină de mici şi medii dimensiuni (1...4 cm).",ploi/vijelii,uat_match,high,7f4f27aaf924804a,"Averse torențiale care vor acumula 25...40 l/mp, frecvente descărcări electrice, intensificări ale vântului (60...80 km/h), vijelie, grindină de mici şi medii dimensiuni (1...4 cm).",,
2026-07-03,2026-07-03T17:22:00,2026-07-03T18:15:00,nowcasting,Prahova,Prahova - localitati,Valea Călugărească; Bărcănești; Puchenii Mari; Berceni; Râfov; Drăgănești; Dumbrava; Balta Doamnei; Gherghița; Olari,2,Portocaliu,"Averse torențiale care vor acumula 25...40 l/mp, frecvente descărcări electrice, intensificări ale vântului (60...80 km/h), vijelie, grindină de mici şi medii dimensiuni (1...4 cm).",ploi/vijelii,uat_match,medium,7f4f27aaf924804a,"Averse torențiale care vor acumula 25...40 l/mp, frecvente descărcări electrice, intensificări ale vântului (60...80 km/h), vijelie, grindină de mici şi medii dimensiuni (1...4 cm).",,
2026-07-03,2026-07-03T17:35:00,2026-07-03T18:30:00,nowcasting,Dolj,Dolj - localitati,Dăbuleni; Sadova; Daneți; Călărași; Valea Stanciului; Ostroveni; Amărăștii de Jos; Bistreț; Bârca; Gighera; Bechet; Afumați; Goicea; Drănic; Urzicuța; Gângiova; Dobrești; Rojiște; Cioroiași; Siliștea Crucii; Măceșu de Sus; Măceșu de Jos; Cârna,1,Galben,"Averse torențiale care vor acumula 15...25 l/mp, descărcări electrice, intensificări ale vântului (50...70 km/h), vijelie şi grindină de mici dimensiuni (1...2 cm).",ploi/vijelii,coordGis,high,1aae97cc58388feb,"Averse torențiale care vor acumula 15...25 l/mp, descărcări electrice, intensificări ale vântului (50...70 km/h), vijelie şi grindină de mici dimensiuni (1...2 cm).",,
2026-07-03,2026-07-03T18:35:00,2026-07-03T19:30:00,nowcasting,Dolj,Dolj - localitati,Argetoaia; Braloștița; Cernătești; Sopot; Grecești; Brabova; Seaca de Pădure; Secu; Gogoșu; Botoșești-Paia,1,Galben,"Averse torențiale care vor acumula 15...25 l/mp, descărcări electrice, intensificări ale vântului (50...70 km/h)  şi grindină de mici dimensiuni (1...2 cm).",ploi/vijelii,uat_match,high,ec8ba52196496cba,"Averse torențiale care vor acumula 15...25 l/mp, descărcări electrice, intensificări ale vântului (50...70 km/h)  şi grindină de mici dimensiuni (1...2 cm).",,
2026-07-03,2026-07-03T18:35:00,2026-07-03T19:30:00,nowcasting,Mehedinți,Mehedinți - localitati,Strehaia; Bălăcița; Butoiești; Bâcleș; Dumbrava; Breznița-Motru; Greci; Stângăceaua,1,Galben,"Averse torențiale care vor acumula 15...25 l/mp, descărcări electrice, intensificări ale vântului (50...70 km/h)  şi grindină de mici dimensiuni (1...2 cm).",ploi/vijelii,uat_match,medium,ec8ba52196496cba,"Averse torențiale care vor acumula 15...25 l/mp, descărcări electrice, intensificări ale vântului (50...70 km/h)  şi grindină de mici dimensiuni (1...2 cm).",,
2026-07-03,2026-07-03T18:55:00,2026-07-03T20:00:00,nowcasting,Mureș,Mureș - localitati,Sighișoara; Albești; Fântânele; Bălăușeri; Daneș; Mica; Bahnea; Vânători; Suplac; Apold; Băgaciu; Nadeș; Saschiz; Viișoara; Zagăr; Vețca,1,Galben,"Averse care vor acumula local 15...25 l/mp, descărcări electrice, intensificări ale vântului (cu viteze de 55-60 km/h), grindină de mici dimensiuni(1...2 cm).",ploi/vijelii,uat_match,medium,ca48200d05c1daf0,"Averse care vor acumula local 15...25 l/mp, descărcări electrice, intensificări ale vântului (cu viteze de 55-60 km/h), grindină de mici dimensiuni(1...2 cm).",,
2026-07-03,2026-07-03T19:05:00,2026-07-03T20:00:00,nowcasting,Galați,Galați - localitati,Galați; Tulucești; Frumușița; Piscu; Independența; Slobozia Conachi; Vânători; Braniștea; Schela; Smârdan; Șendreni; Cuza Vodă; Scânteiești,2,Portocaliu,"Averse torențiale care vor acumula 25...40 l/mp, frecvente descărcări electrice, intensificări ale vântului (50...70 km/h), vijelie, grindină de mici şi medii dimensiuni (1...4 cm).",ploi/vijelii,uat_match,medium,7a06280782852949,"Averse torențiale care vor acumula 25...40 l/mp, frecvente descărcări electrice, intensificări ale vântului (50...70 km/h), vijelie, grindină de mici şi medii dimensiuni (1...4 cm).",,
2026-07-03,2026-07-03T19:20:00,2026-07-03T20:10:00,nowcasting,Brăila,Brăila - localitati,Vădeni; Gemenele; Siliștea,2,Portocaliu,"Averse torențiale care vor acumula 25...40 l/mp, frecvente descărcări electrice, intensificări ale vântului (60...80 km/h), vijelie, grindină de mici şi medii dimensiuni (1...4 cm).",ploi/vijelii,coordGis,high,790c6aa713ca1cac,"Averse torențiale care vor acumula 25...40 l/mp, frecvente descărcări electrice, intensificări ale vântului (60...80 km/h), vijelie, grindină de mici şi medii dimensiuni (1...4 cm).",,
2026-07-03,2026-07-03T19:20:00,2026-07-03T20:15:00,nowcasting,Dolj,Dolj - localitati,Bistreț; Afumați; Orodel; Carpen; Urzicuța; Giubega; Vela; Cioroiași; Perișor; Vârtop; Siliștea Crucii; Sălcuța; Galiciuica; Cârna,1,Galben,"Averse torențiale care vor acumula 15...25 l/mp, descărcări electrice, intensificări ale vântului (50...70 km/h)  şi grindină de mici dimensiuni (1...2 cm).",ploi/vijelii,uat_match,medium,4ddccf8da2fef7fd,"Averse torențiale care vor acumula 15...25 l/mp, descărcări electrice, intensificări ale vântului (50...70 km/h)  şi grindină de mici dimensiuni (1...2 cm).",,
2026-07-03,2026-07-03T20:00:00,2026-07-03T21:00:00,nowcasting,Brăila,Brăila - localitati,Ianca; Movila Miresii; Vădeni; Traian; Tudor Vladimirescu; Siliștea,2,Portocaliu,"Averse torențiale care vor acumula 25...40 l/mp, frecvente descărcări electrice, intensificări ale vântului (60...80 km/h), vijelie, grindină de mici şi medii dimensiuni (1...4 cm).",ploi/vijelii,uat_match,high,e66b626d502be770,"Averse torențiale care vor acumula 25...40 l/mp, frecvente descărcări electrice, intensificări ale vântului (60...80 km/h), vijelie, grindină de mici şi medii dimensiuni (1...4 cm).",,
2026-07-03,2026-07-03T20:00:00,2026-07-03T21:00:00,nowcasting,Galați,Galați - localitati,Galați; Vânători; Braniștea; Smârdan; Șendreni,2,Portocaliu,"Averse torențiale care vor acumula 25...40 l/mp, frecvente descărcări electrice, intensificări ale vântului (60...80 km/h), vijelie, grindină de mici şi medii dimensiuni (1...4 cm).",ploi/vijelii,uat_match,medium,09e631bf4632475d,"Averse torențiale care vor acumula 25...40 l/mp, frecvente descărcări electrice, intensificări ale vântului (60...80 km/h), vijelie, grindină de mici şi medii dimensiuni (1...4 cm).",,
2026-07-04,2026-07-04T08:00:00,2026-07-04T09:00:00,nowcasting,Constanța,Constanța - localitati,Constanța; Medgidia; Năvodari; Ovidiu; Murfatlar; Mihail Kogălniceanu; Eforie; Cobadin; Cumpăna; Valu lui Traian; Techirghiol; Tuzla; Lumina; Cogealac; Negru Vodă; Nicolae Bălcescu; Topraisar; 23 August; Agigea; Corbu; Mircea Vodă; Castelu; Poarta Albă; Limanu; Peștera; Chirnogeni; Albești; Independența; Mihai Viteazu; Ciocârlia; Amzacea; Cuza Voda; Pecineaga; Deleni; Istria; Mereni; Săcele; Costinești; Comana; Bărăganu; Pantelimon; Târgușor; Fântânele; Tortoman; Cerchezu; Siliștea; Grădina; Dumbrăveni; Mangalia,1,Galben,"Averse torențiale care vor acumula 15...25 l/mp, intensificări ale vântului (rafale de 50 - 55 km/h)",ploi/vijelii,coordGis,high,179591774999e415,"Averse torențiale care vor acumula 15...25 l/mp, intensificări ale vântului (rafale de 50 - 55 km/h)",,
2026-07-04,2026-07-04T13:35:00,2026-07-04T15:00:00,nowcasting,Dâmbovița,Dâmbovița - localitati,Bezdead; Valea Lungă; Moroeni; Buciumeni; Dărmănești; Iedera; Vișinești; Vârfuri,2,Portocaliu,"Averse torențiale care vor acumula 25...30 l/mp, frecvente descărcări electrice, grindină (2 cm). În zona avertizată în ultimele ore s-au acumulat cantități de 20...30 l/mp.",ploi/vijelii,uat_match,medium,15934a36d6ac2798,"Averse torențiale care vor acumula 25...30 l/mp, frecvente descărcări electrice, grindină (2 cm). În zona avertizată în ultimele ore s-au acumulat cantități de 20...30 l/mp.",,
2026-07-04,2026-07-04T13:35:00,2026-07-04T15:00:00,nowcasting,Prahova,Prahova - localitati,Câmpina; Băicoi; Breaza; Filipeștii de Pădure; Ariceștii Rahtivani; Filipeștii de Târg; Florești; Telega; Măgureni; Scorțeni; Bănești; Poiana Câmpina; Păulești; Cornu; Șotrile; Provița de Jos; Provița de Sus; Adunați; Talea,2,Portocaliu,"Averse torențiale care vor acumula 25...30 l/mp, frecvente descărcări electrice, grindină (2 cm). În zona avertizată în ultimele ore s-au acumulat cantități de 20...30 l/mp.",ploi/vijelii,coordGis,high,15934a36d6ac2798,"Averse torențiale care vor acumula 25...30 l/mp, frecvente descărcări electrice, grindină (2 cm). În zona avertizată în ultimele ore s-au acumulat cantități de 20...30 l/mp.",,
2026-07-04,2026-07-04T15:20:00,2026-07-04T16:30:00,nowcasting,Bacău,Bacău - localitati,Moinești; Comănești; Târgu Ocna; Dărmănești; Dofteana; Oituz; Asău; Agăș; Mănăstirea Cașin; Ghimeș-Făget; Slănic-Moldova; Pârgărești; Palanca; Brusturoasa,1,Galben,"Averse torențiale care vor acumula 15...25 l/mp, descărcări electrice, grindină de mici dimensiuni (1..2 cm).",ploi/vijelii,uat_match,medium,9784282ab895a308,"Averse torențiale care vor acumula 15...25 l/mp, descărcări electrice, grindină de mici dimensiuni (1..2 cm).",,
2026-07-04,2026-07-04T15:35:00,2026-07-04T16:35:00,nowcasting,Olt,Olt - localitati,Scornicești; Potcoava; Valea Mare; Movileni; Corbu; Schitu; Șerbănești; Vâlcele; Coteana; Brebeni; Icoana; Perieți; Bălteni,1,Galben,"Averse torențiale care vor acumula 15...25 l/mp, descărcări electrice, grindină de mici dimensiuni (1...2 cm).",ploi/vijelii,coordGis,high,d37331d1dbe63d99,"Averse torențiale care vor acumula 15...25 l/mp, descărcări electrice, grindină de mici dimensiuni (1...2 cm).",,
2026-07-04,2026-07-04T16:50:00,2026-07-04T18:00:00,nowcasting,Bacău,Bacău - localitati,Onești; Helegiu; Mănăstirea Cașin; Berești-Tazlău; Căiuți; Livezi; Târgu Trotuș; Bârsănești; Sănduleni; Ștefan cel Mare; Urechești; Cașin; Coțofănești; Gura Văii; Buciumi; Bogdănești; Zona de munte a județului Neamţ; respectiv zona de munte a localităților: Piatra-Neamț; Borlești; Bicaz; Piatra Șoimului; Pipirig; Borca; Pângărați; Crăcăoani; Bicaz-Chei; Agapia; Bălțătești; Poiana Teiului; Gârcina; Bicazu Ardelean; Hangu; Tarcău; Tazlău; Farcașa; Dămuc; Alexandru cel Bun; Tașca; Ceahlău; Grințieș,1,Galben,"Averse torențiale care vor acumula 15...25 l/mp, descărcări electrice, grindină de mici dimensiuni (1..2 cm).",ploi/vijelii,uat_match,medium,40c08ec3a6892683,"Averse torențiale care vor acumula 15...25 l/mp, descărcări electrice, grindină de mici dimensiuni (1..2 cm).",,
2026-07-04,2026-07-04T18:45:00,2026-07-04T20:30:00,nowcasting,Brăila,Brăila - localitati,Ianca; Însurăței; Viziru; Șuțești; Ulmu; Movila Miresii; Dudești; Traian; Stăncuța; Cireșu; Mircea Vodă; Zăvoaia; Galbenu; Berteștii de Jos; Jirlău; Bordei Verde; Surdila-Găiseanca; Vișani; Gradiștea; Surdila-Greci; Racoviță; Făurei,1,Galben,"Averse torențiale care vor acumula 15...25 l/mp, descărcări electrice, intensificări ale vântului (50...70 km/h), grindină (1...2 cm).",ploi/vijelii,coordGis,high,19cffd1f865a8c65,"Averse torențiale care vor acumula 15...25 l/mp, descărcări electrice, intensificări ale vântului (50...70 km/h), grindină (1...2 cm).",,
2026-07-04,2026-07-04T18:45:00,2026-07-04T20:30:00,nowcasting,Buzău,Buzău - localitati,Râmnicu Sărat; Valea Râmnicului; Grebănu; Puiești; Ziduri; Topliceni; Râmnicelu; Balta Albă; Ghergheasa; Boldu; Vâlcelele; Bălăceanu,1,Galben,"Averse torențiale care vor acumula 15...25 l/mp, descărcări electrice, intensificări ale vântului (50...70 km/h), grindină (1...2 cm).",ploi/vijelii,uat_match,medium,19cffd1f865a8c65,"Averse torențiale care vor acumula 15...25 l/mp, descărcări electrice, intensificări ale vântului (50...70 km/h), grindină (1...2 cm).",,
2026-07-05,2026-07-05T17:05:00,2026-07-05T18:00:00,nowcasting,Bacău,Bacău - localitati,Răchitoasa; Stănișești; Filipeni; Vultureni; Oncești,1,Galben,"Vijelie cu viteză la rafală de 50…60 km/h, descărcări electrice, grindină de dimensiuni mici (sub 1 cm), averse ce vor acumula 10...15 l/mp.",ploi/vijelii,coordGis,high,953917c89a959706,"Vijelie cu viteză la rafală de 50…60 km/h, descărcări electrice, grindină de dimensiuni mici (sub 1 cm), averse ce vor acumula 10...15 l/mp.",,
2026-07-05,2026-07-05T17:05:00,2026-07-05T18:00:00,nowcasting,Iași,Iași - localitati,Bălțați; Strunga; Ion Neculce; Sinești; Butea; Popești; Lungani; Oțeleni; Mircești; Brăești; Rachițeni,1,Galben,"Vijelie cu viteză la rafală de 50…60 km/h, descărcări electrice, grindină de dimensiuni mici (sub 1 cm), averse ce vor acumula 10...15 l/mp.",ploi/vijelii,uat_match,high,953917c89a959706,"Vijelie cu viteză la rafală de 50…60 km/h, descărcări electrice, grindină de dimensiuni mici (sub 1 cm), averse ce vor acumula 10...15 l/mp.",,
2026-07-05,2026-07-05T17:05:00,2026-07-05T18:00:00,nowcasting,Neamț,Neamț - localitati,Roman; Săbăoani; Tămășeni; Cordun; Horia; Doljești; Gherăești; Trifești; Girov; Sagna; Botești; Bârgăuani; Mărgineni; Secuieni; Dulcești; Stănița; Dochia; Făurei; Gâdinți; Ruginoasa; Boghicea; Văleni; Bira,1,Galben,"Vijelie cu viteză la rafală de 50…60 km/h, descărcări electrice, grindină de dimensiuni mici (sub 1 cm), averse ce vor acumula 10...15 l/mp.",ploi/vijelii,uat_match,medium,953917c89a959706,"Vijelie cu viteză la rafală de 50…60 km/h, descărcări electrice, grindină de dimensiuni mici (sub 1 cm), averse ce vor acumula 10...15 l/mp.",,
2026-07-05,2026-07-05T17:05:00,2026-07-05T18:00:00,nowcasting,Vaslui,Vaslui - localitati,Puiești; Ivănești; Dragomirești; Lipovăț; Iana; Voinești; Laza; Costești; Poienești; Bogdănești; Pușcași; Gherghești; Delești; Deleni; Bogdana; Bălteni; Alexandru Vlahuță; Bogdănița,1,Galben,"Vijelie cu viteză la rafală de 50…60 km/h, descărcări electrice, grindină de dimensiuni mici (sub 1 cm), averse ce vor acumula 10...15 l/mp.",ploi/vijelii,uat_match,high,953917c89a959706,"Vijelie cu viteză la rafală de 50…60 km/h, descărcări electrice, grindină de dimensiuni mici (sub 1 cm), averse ce vor acumula 10...15 l/mp.",,
2026-07-07,2026-07-07T20:30:00,2026-07-07T21:30:00,nowcasting,Bihor,Bihor - localitati,Săcueni; Diosig; Sălard; Chișlaz; Sârbi; Roșiori; Ciuhoi; Tămășeu; Spinuș,1,Galben,"local averse torențiale care vor acumula 15...25 l/mp, descărcări electrice, intensificări ale vântului (viteze de 50...60 km/h), grindină de mici dimensiuni (1...2 cm).",ploi/vijelii,uat_match,medium,e64a7193a041676a,"local averse torențiale care vor acumula 15...25 l/mp, descărcări electrice, intensificări ale vântului (viteze de 50...60 km/h), grindină de mici dimensiuni (1...2 cm).",,
2026-07-07,2026-07-07T21:05:00,2026-07-07T21:45:00,nowcasting,Maramureș,Maramureș - localitati,Borșa; Vișeu de Sus; Moisei; Săcel,1,Galben,"local averse torențiale care vor acumula 15...25 l/mp, descărcări electrice, intensificări ale vântului (50...60 km/h), vijelie, grindină de mici dimensiuni (1...2 cm).",ploi/vijelii,uat_match,high,777b8038ee8014b0,"local averse torențiale care vor acumula 15...25 l/mp, descărcări electrice, intensificări ale vântului (50...60 km/h), vijelie, grindină de mici dimensiuni (1...2 cm).",,
2026-07-07,2026-07-07T21:10:00,2026-07-07T22:00:00,nowcasting,Arad,Arad - localitati,Pecica; Curtici; Macea; Zimandu Nou; Iratoșu; Șofronea; Peregu Mare; Dorobanți,1,Galben,"local averse torențiale care vor acumula 15...25 l/mp, descărcări electrice, intensificări ale vântului (viteze de 50...60 km/h), grindină de mici dimensiuni (1...2 cm).",ploi/vijelii,coordGis,high,2394ee39826fe70b,"local averse torențiale care vor acumula 15...25 l/mp, descărcări electrice, intensificări ale vântului (viteze de 50...60 km/h), grindină de mici dimensiuni (1...2 cm).",,
2026-07-08,2026-07-08T00:00:00,2026-07-08T04:00:00,nowcasting,Cluj,Cluj,,1,Galben,Intensificări ale vântului cu viteze la rafală de 90...110 km/h.,alte fenomene,coordGis,high,1990dd44935102a6,Intensificări ale vântului cu viteze la rafală de 90...110 km/h.,,
2026-07-08,2026-07-08T04:00:00,2026-07-08T08:00:00,nowcasting,Cluj,Cluj,,1,Galben,Intensificări ale vântului cu viteze la rafală de 90...110 km/h.,alte fenomene,coordGis,high,8b1fb5b7f2635fa2,Intensificări ale vântului cu viteze la rafală de 90...110 km/h.,,
2026-07-08,2026-07-08T17:45:00,2026-07-08T18:30:00,nowcasting,Sălaj,Sălaj - localitati,Ip; Nușfalău; Sâg; Valcău de Jos; Marca; Plopiș; Halmășd; Boghiș,2,Portocaliu,"Grindină de medii și posibil mari dimensiuni (2...4 cm), averse torențiale (25...35 l/mp), frecvente descărcări electrice, intensificări ale vântului (70...90 km/h), vijelie.",ploi/vijelii,uat_match,medium,f6501076f06e0972,"Grindină de medii și posibil mari dimensiuni (2...4 cm), averse torențiale (25...35 l/mp), frecvente descărcări electrice, intensificări ale vântului (70...90 km/h), vijelie.",,
2026-07-08,2026-07-08T18:00:00,2026-07-08T18:45:00,nowcasting,Bihor,Bihor - localitati,Marghita; Valea lui Mihai; Șimian; Curtuișeni; Abram; Sălacea; Tarcea; Abrămuț; Cherechiu; Buduslău; Boianu Mare; Viișoara,2,Portocaliu,"Grindină de medii și posibil mari dimensiuni (2...4 cm), averse torențiale care vor cumula 25...35 l/mp, frecvente descărcări electrice, intensificări ale vântului cu rafale de 50....60 km/h.",ploi/vijelii,coordGis,high,2dae919ca4da25a8,"Grindină de medii și posibil mari dimensiuni (2...4 cm), averse torențiale care vor cumula 25...35 l/mp, frecvente descărcări electrice, intensificări ale vântului cu rafale de 50....60 km/h.",,
2026-07-09,2026-07-09T11:00:00,2026-07-09T12:00:00,nowcasting,Buzău,Buzău - localitati,Nehoiu; Pătârlagele; Lopătari; Gura Teghii; Calvini; Chiojdu; Siriu; Viperești; Pănătău; Mânzălești; Bisoca; Cătina; Cozieni; Brăești; Colți; Bozioru; Odăile; Cănești; Chiliile,1,Galben,"Local averse torențiale care vor acumula 15...25 l/mp, descărcări electrice, intensificări ale vântului cu viteze de 50...60 km/h, izolat grindină de mici dimensiuni (1...2 cm).",ploi/vijelii,coordGis,high,e05f1772505b3c21,"Local averse torențiale care vor acumula 15...25 l/mp, descărcări electrice, intensificări ale vântului cu viteze de 50...60 km/h, izolat grindină de mici dimensiuni (1...2 cm).",,
2026-07-09,2026-07-09T11:00:00,2026-07-09T12:00:00,nowcasting,Dâmbovița,Dâmbovița - localitati,Pucioasa; Fieni; Voinești; Bezdead; Moroeni; Buciumeni; Runcu; Pietroșița; Cândești; Vulcana-Băi; Malu cu Flori; Pietrari; Vișinești; Bărbulețu; Moțăieni; Pucheni; Vârfuri; Râu Alb,1,Galben,"Local averse torențiale care vor acumula 15...25 l/mp, descărcări electrice, intensificări ale vântului cu viteze de 50...60 km/h, izolat grindină de mici dimensiuni (1...2 cm).",ploi/vijelii,uat_match,medium,e05f1772505b3c21,"Local averse torențiale care vor acumula 15...25 l/mp, descărcări electrice, intensificări ale vântului cu viteze de 50...60 km/h, izolat grindină de mici dimensiuni (1...2 cm).",,
2026-07-09,2026-07-09T11:00:00,2026-07-09T12:00:00,nowcasting,Prahova,Prahova - localitati,Câmpina; Breaza; Comarnic; Vălenii de Munte; Măneciu; Brebu; Slănic; Vărbilău; Izvoarele; Telega; Gura Vitioarei; Drajna; Bănești; Poiana Câmpina; Cerașu; Starchiojd; Posești; Cornu; Vâlcănești; Teișani; Aluniș; Șotrile; Bertea; Provița de Jos; Predeal-Sărari; Provița de Sus; Ștefești; Adunați; Bătrâni; Cărbunești; Surani; Ariceștii Zeletin; Cosminele; Talea; Zona de munte a județului Prahova; respectiv zona de munte a localităților: Sinaia; Comarnic; Bușteni; Măneciu; Valea Doftanei; Cerașu; Azuga; Șotrile; Bertea; Secăria,1,Galben,"Local averse torențiale care vor acumula 15...25 l/mp, descărcări electrice, intensificări ale vântului cu viteze de 50...60 km/h, izolat grindină de mici dimensiuni (1...2 cm).",ploi/vijelii,uat_match,medium,e05f1772505b3c21,"Local averse torențiale care vor acumula 15...25 l/mp, descărcări electrice, intensificări ale vântului cu viteze de 50...60 km/h, izolat grindină de mici dimensiuni (1...2 cm).",,
2026-07-09,2026-07-09T12:55:00,2026-07-09T14:00:00,nowcasting,Vâlcea,Vâlcea - localitati,Călimănești; Brezoi; Stoenești; Bărbătești; Păusești-Măglași; Bujoreni; Berislăvești; Băile Olănești; Muereasca; Golești; Dăești; Sălătrucel; Vlădești; Runcu,1,Galben,"Averse torențiale care vor acumula 15...25 l/mp, descărcări electrice, grindină de mici dimensiuni (1...2 cm).",ploi/vijelii,uat_match,high,34e6cd212c819a7a,"Averse torențiale care vor acumula 15...25 l/mp, descărcări electrice, grindină de mici dimensiuni (1...2 cm).",,
2026-07-09,2026-07-09T13:10:00,2026-07-09T14:00:00,nowcasting,Dolj,Dolj - localitati,Pielești; Ghercești,1,Galben,"Averse torențiale care vor acumula 15...25 l/mp, descărcări electrice, grindină de mici dimensiuni (1...2 cm).",ploi/vijelii,uat_match,high,3b05d56bd06d4243,"Averse torențiale care vor acumula 15...25 l/mp, descărcări electrice, grindină de mici dimensiuni (1...2 cm).",,
2026-07-09,2026-07-09T13:10:00,2026-07-09T14:00:00,nowcasting,Olt,Olt - localitati,Balș; Piatra-Olt; Iancu Jianu; Găneasa; Pleșoiu; Brâncoveni; Bobicești; Pârșcoveni; Morunglav; Cârlogani; Vulpeni; Bârza; Voineasa; Găvănești; Călui; Oboga; Șopârlița; Dobrețu; Baldovinești,1,Galben,"Averse torențiale care vor acumula 15...25 l/mp, descărcări electrice, grindină de mici dimensiuni (1...2 cm).",ploi/vijelii,coordGis,high,3b05d56bd06d4243,"Averse torențiale care vor acumula 15...25 l/mp, descărcări electrice, grindină de mici dimensiuni (1...2 cm).",,
2026-07-09,2026-07-09T13:10:00,2026-07-09T14:00:00,nowcasting,Vâlcea,Vâlcea - localitati,Lungești; Laloșu,1,Galben,"Averse torențiale care vor acumula 15...25 l/mp, descărcări electrice, grindină de mici dimensiuni (1...2 cm).",ploi/vijelii,uat_match,high,3b05d56bd06d4243,"Averse torențiale care vor acumula 15...25 l/mp, descărcări electrice, grindină de mici dimensiuni (1...2 cm).",,
2026-07-09,2026-07-09T16:00:00,2026-07-09T17:00:00,nowcasting,Olt,Olt - localitati,Scornicești; Colonești; Vitomirești; Vulturești; Cungrea; Spineni; Poboru; Bărăști; Dobroteasa; Făgețelu; Leleasca; Tătulești; Sâmburești; Topana,1,Galben,"Averse torențiale care vor acumula 15...25 l/mp, descărcări electrice, grindină de mici dimensiuni (1...2 cm).",ploi/vijelii,uat_match,medium,476c949b1e683222,"Averse torențiale care vor acumula 15...25 l/mp, descărcări electrice, grindină de mici dimensiuni (1...2 cm).",,
2026-07-09,2026-07-09T16:00:00,2026-07-09T17:00:00,nowcasting,Vâlcea,Vâlcea - localitati,Stoilești; Dănicei,1,Galben,"Averse torențiale care vor acumula 15...25 l/mp, descărcări electrice, grindină de mici dimensiuni (1...2 cm).",ploi/vijelii,uat_match,high,476c949b1e683222,"Averse torențiale care vor acumula 15...25 l/mp, descărcări electrice, grindină de mici dimensiuni (1...2 cm).",,
2026-07-09,2026-07-09T16:05:00,2026-07-09T16:50:00,nowcasting,Teleorman,Teleorman - localitati,Piatra; Furculești; Suhaia; Seaca; Lisa; Viișoara; Dracea; Crângu,2,Portocaliu,"Averse torențiale care vor acumula 25...40 l/mp, grindină de mici și medii dimensiuni (1...3 cm), intensificări ale vântului cu viteze de 50...70 km/h, vijelie, frecvente descărcări electrice.",ploi/vijelii,uat_match,high,0dc8f6e171d63044,"Averse torențiale care vor acumula 25...40 l/mp, grindină de mici și medii dimensiuni (1...3 cm), intensificări ale vântului cu viteze de 50...70 km/h, vijelie, frecvente descărcări electrice.",,
2026-07-09,2026-07-09T16:10:00,2026-07-09T17:00:00,nowcasting,Olt,Olt - localitati,Mărunței; Fălcoiu; Izvoarele; Movileni; Crâmpoia; Stoicănești; Schitu; Tufeni; Șerbănești; Vâlcele; Coteana; Brebeni; Ghimpețeni; Milcov; Nicolae Titulescu; Ipotesti; Văleni; Seaca,1,Galben,"Averse torențiale care vor acumula 15...25 l/mp, descărcări electrice, grindină de mici dimensiuni (1...2 cm).",ploi/vijelii,coordGis,high,88645570a47c3ec4,"Averse torențiale care vor acumula 15...25 l/mp, descărcări electrice, grindină de mici dimensiuni (1...2 cm).",,
2026-07-09,2026-07-09T18:45:00,2026-07-09T19:45:00,nowcasting,Constanța,Constanța - localitati,Mihail Kogălniceanu; Cogealac; Nicolae Bălcescu; Crucea; Seimeni; Topalu; Pantelimon; Târgușor; Fântânele; Siliștea; Grădina; Vulturu,2,Portocaliu,"Averse torențiale care vor acumula 20...30 l/mp, frecvente descărcări electrice, intensificări ale vântului (50 - 70 km/h), vijelie, grindină de medii dimensiuni (2...3 cm). În zona avertizată în ultimele ore s-au acumulat cantități de 15...25 l/mp.",ploi/vijelii,coordGis,high,4c8e9ca2daae85b1,"Averse torențiale care vor acumula 20...30 l/mp, frecvente descărcări electrice, intensificări ale vântului (50 - 70 km/h), vijelie, grindină de medii dimensiuni (2...3 cm). În zona avertizată în ultimele ore s-au acumulat cantități de 15...25 l/mp.",,
2026-07-09,2026-07-09T18:45:00,2026-07-09T19:45:00,nowcasting,Tulcea,Tulcea - localitati,Baia; Topolog; Casimcea; Stejaru; Beidaud,2,Portocaliu,"Averse torențiale care vor acumula 20...30 l/mp, frecvente descărcări electrice, intensificări ale vântului (50 - 70 km/h), vijelie, grindină de medii dimensiuni (2...3 cm). În zona avertizată în ultimele ore s-au acumulat cantități de 15...25 l/mp.",ploi/vijelii,uat_match,high,4c8e9ca2daae85b1,"Averse torențiale care vor acumula 20...30 l/mp, frecvente descărcări electrice, intensificări ale vântului (50 - 70 km/h), vijelie, grindină de medii dimensiuni (2...3 cm). În zona avertizată în ultimele ore s-au acumulat cantități de 15...25 l/mp.",,
2026-07-09,2026-07-09T20:25:00,2026-07-09T21:25:00,nowcasting,Alba,Alba - localitati,Alba Iulia; Aiud; Blaj; Ocna Mureș; Teiuș; Ighiu; Unirea; Baia de Arieș; Galda de Jos; Șona; Mihalț; Lopadea Nouă; Meteș; Daia Română; Stremț; Sâncel; Șpring; Sântimbru; Ciugud; Mirăslău; Bucerdea Grânoasă; Berghin; Crăciunelu de Jos; Cricău; Livezile; Sălciua; Cergău; Roșia de Secaș; Poșaga; Hopârta; Mogoș; Rădești; Rimetea; Cut; Ohaba; Întregalde; Râmeț; Ponor,1,Galben,"Averse torențiale care vor acumula 15...25 l/mp, descărcări electrice, intensificări ale vântului cu viteze de 50...55 km/h.",ploi/vijelii,uat_match,medium,76e8789c1c104c75,"Averse torențiale care vor acumula 15...25 l/mp, descărcări electrice, intensificări ale vântului cu viteze de 50...55 km/h.",,
2026-07-09,2026-07-09T20:52:00,2026-07-09T22:00:00,nowcasting,Constanța,Constanța - localitati,Cobadin; Băneasa; Lipnița; Peștera; Independența; Oltina; Aliman; Deleni; Adamclisi; Dobromir; Ion Corvin; Dumbrăveni,2,Portocaliu,"Averse torențiale care vor acumula 20...30 l/mp, frecvente descărcări electrice, intensificări ale vântului (50 - 70 km/h), vijelie, grindină de medii dimensiuni (2...3 cm). În zona avertizată în ultimele ore s-au acumulat cantități de 15...20 l/mp.",ploi/vijelii,coordGis,high,021a866c2ac8a81c,"Averse torențiale care vor acumula 20...30 l/mp, frecvente descărcări electrice, intensificări ale vântului (50 - 70 km/h), vijelie, grindină de medii dimensiuni (2...3 cm). În zona avertizată în ultimele ore s-au acumulat cantități de 15...20 l/mp.",,
2026-07-10,2026-07-10T05:15:00,2026-07-10T09:00:00,nowcasting,Suceava,Suceava - localitati,Vatra Dornei; Dorna Candrenilor; Poiana Stampei; Coșna,1,Galben,"Ceață ce determină vizibilitate redusă, local sub 200 m și izolat sub 50 m.",ceata,coordGis,high,4f86c13e4d7ef6b8,"Ceață ce determină vizibilitate redusă, local sub 200 m și izolat sub 50 m.",,
2026-07-10,2026-07-10T20:15:00,2026-07-10T21:30:00,nowcasting,Botoșani,Botoșani - localitati,Frumușica; Tudora; Prăjeni,1,Galben,"Local averse care vor acumula 15...20 l/mp, descărcări electrice, grindină de mici dimensiuni (1...2 cm) și intensificări ale vântului cu viteze de 40...55 km/h.",ploi/vijelii,coordGis,high,86473f387526684d,"Local averse care vor acumula 15...20 l/mp, descărcări electrice, grindină de mici dimensiuni (1...2 cm) și intensificări ale vântului cu viteze de 40...55 km/h.",,
2026-07-10,2026-07-10T20:15:00,2026-07-10T21:30:00,nowcasting,Iași,Iași - localitati,Pașcani; Târgu Frumos; Hârlău; Belcești; Deleni; Cotnari; Scobinți; Lespezi; Hălăucești; Tătăruși; Ruginoasa; Stolniceni-Prăjescu; Valea Seacă; Miroslovești; Moțca; Vânători; Bălțați; Ceplenița; Strunga; Ion Neculce; Todirești; Cristești; Butea; Mogoșești-Siret; Sirețel; Mircești; Brăești; Rachițeni; Plugari; Coarnele Caprei; Alexandru I. Cuza; Balș; Heleșteni; Hărmănești; Ciohorăni; Costești; Cucuteni,1,Galben,"Local averse care vor acumula 15...20 l/mp, descărcări electrice, grindină de mici dimensiuni (1...2 cm) și intensificări ale vântului cu viteze de 40...55 km/h.",ploi/vijelii,uat_match,medium,86473f387526684d,"Local averse care vor acumula 15...20 l/mp, descărcări electrice, grindină de mici dimensiuni (1...2 cm) și intensificări ale vântului cu viteze de 40...55 km/h.",,
2026-07-10,2026-07-10T20:15:00,2026-07-10T21:30:00,nowcasting,Neamț,Neamț - localitati,Târgu Neamț; Săbăoani; Răucești; Cordun; Gherăești; Grumăzești; Bodești; Trifești; Petricani; Girov; Botești; Țibucani; Bârgăuani; Mărgineni; Urecheni; Timișești; Brusturi; Secuieni; Păstrăveni; Ștefan cel Mare; Dulcești; Războieni; Dragomirești; Dochia; Tupilați; Făurei; Ruginoasa; Negrești; Văleni; Dobreni; Drăgănești,1,Galben,"Local averse care vor acumula 15...20 l/mp, descărcări electrice, grindină de mici dimensiuni (1...2 cm) și intensificări ale vântului cu viteze de 40...55 km/h.",ploi/vijelii,uat_match,medium,86473f387526684d,"Local averse care vor acumula 15...20 l/mp, descărcări electrice, grindină de mici dimensiuni (1...2 cm) și intensificări ale vântului cu viteze de 40...55 km/h.",,
2026-07-10,2026-07-10T20:15:00,2026-07-10T21:30:00,nowcasting,Suceava,Suceava - localitati,Dolhasca; Liteni; Preutești; Forăști; Boroaia; Vadu Moldovei; Dolhești; Vulturești; Drăgușeni; Hârtop,1,Galben,"Local averse care vor acumula 15...20 l/mp, descărcări electrice, grindină de mici dimensiuni (1...2 cm) și intensificări ale vântului cu viteze de 40...55 km/h.",ploi/vijelii,uat_match,high,86473f387526684d,"Local averse care vor acumula 15...20 l/mp, descărcări electrice, grindină de mici dimensiuni (1...2 cm) și intensificări ale vântului cu viteze de 40...55 km/h.",,
2026-07-11,2026-07-11T06:30:00,2026-07-11T09:00:00,nowcasting,Neamț,Neamț - localitati,Roman; Săbăoani; Tămășeni; Cordun; Horia; Doljești; Trifești; Ion Creangă; Sagna; Secuieni; Oniceni; Valea Ursului; Bozieni; Stănița; Gâdinți; Pâncești; Bira; Poienari,1,Galben,Local ceață ce determină vizibilitate redusă sub 200 m.,ceata,uat_match,high,24ff90550d2b4eb5,Local ceață ce determină vizibilitate redusă sub 200 m.,,
2026-07-11,2026-07-11T06:30:00,2026-07-11T09:00:00,nowcasting,Suceava,Suceava - localitati,Vatra Dornei; Șaru Dornei; Dorna Candrenilor; Dorna-Arini; Iacobeni; Panaci; Poiana Stampei; Coșna,1,Galben,Local ceață ce determină vizibilitate redusă sub 200 m.,ceata,coordGis,high,24ff90550d2b4eb5,Local ceață ce determină vizibilitate redusă sub 200 m.,,
2026-07-11,2026-07-11T06:30:00,2026-07-11T09:00:00,nowcasting,Vaslui,Vaslui - localitati,Duda-Epureni; Codăești; Drânceni; Văleni; Zăpodeni; Solești; Băcești; Dumești; Rebricea; Todirești; Tăcuta; Ștefan cel Mare; Bunești-Averești; Oșești; Miclești; Negrești; Tătărăni; Dănești; Boțești; Vulturești; Ferești; Arsura; Rafaila,1,Galben,Local ceață ce determină vizibilitate redusă sub 200 m.,ceata,uat_match,medium,24ff90550d2b4eb5,Local ceață ce determină vizibilitate redusă sub 200 m.,,
2026-07-11,2026-07-11T13:20:00,2026-07-11T14:30:00,nowcasting,Iași,Iași - localitati,Țibănești; Țibana; Voinești; Dagâța; Mironeasa; Sinești; Mogoșești; Popești; Lungani; Brăești; Tansa; Grajduri; Mădârjac,1,Galben,"Local averse care vor acumula 15...20 l/mp, descărcări electrice, grindină de mici dimensiuni (1...2 cm) și intensificări ale vântului cu viteze de 40...55 km/h.",ploi/vijelii,uat_match,medium,1be38b0ab4a1aee3,"Local averse care vor acumula 15...20 l/mp, descărcări electrice, grindină de mici dimensiuni (1...2 cm) și intensificări ale vântului cu viteze de 40...55 km/h.",,
2026-07-11,2026-07-11T13:20:00,2026-07-11T14:30:00,nowcasting,Neamț,Neamț - localitati,Stănița; Boghicea,1,Galben,"Local averse care vor acumula 15...20 l/mp, descărcări electrice, grindină de mici dimensiuni (1...2 cm) și intensificări ale vântului cu viteze de 40...55 km/h.",ploi/vijelii,uat_match,high,1be38b0ab4a1aee3,"Local averse care vor acumula 15...20 l/mp, descărcări electrice, grindină de mici dimensiuni (1...2 cm) și intensificări ale vântului cu viteze de 40...55 km/h.",,
2026-07-11,2026-07-11T13:55:00,2026-07-11T15:00:00,nowcasting,Botoșani,Botoșani - localitati,Vorona; Ungureni; Frumușica; Tudora; Havârna; Vorniceni; Avrămeni; George Enescu; Manoleasa; Vlăsinești; Știubieni; Drăgușeni; Cordăreni; Hănești; Săveni,1,Galben,"Local averse care vor acumula 15...20 l/mp, descărcări electrice, grindină de mici dimensiuni (1...2 cm) și intensificări ale vântului cu viteze de 40...55 km/h.",ploi/vijelii,uat_match,medium,54a1534b975bd9e7,"Local averse care vor acumula 15...20 l/mp, descărcări electrice, grindină de mici dimensiuni (1...2 cm) și intensificări ale vântului cu viteze de 40...55 km/h.",,
2026-07-11,2026-07-11T13:55:00,2026-07-11T15:00:00,nowcasting,Iași,Iași - localitati,Hârlău; Deleni; Lespezi; Vânători; Sirețel,1,Galben,"Local averse care vor acumula 15...20 l/mp, descărcări electrice, grindină de mici dimensiuni (1...2 cm) și intensificări ale vântului cu viteze de 40...55 km/h.",ploi/vijelii,uat_match,medium,54a1534b975bd9e7,"Local averse care vor acumula 15...20 l/mp, descărcări electrice, grindină de mici dimensiuni (1...2 cm) și intensificări ale vântului cu viteze de 40...55 km/h.",,
2026-07-11,2026-07-11T13:55:00,2026-07-11T15:00:00,nowcasting,Suceava,Suceava - localitati,Dolhasca; Liteni; Udești; Preutești; Fântânele; Dolhești; Vulturești; Hârtop,1,Galben,"Local averse care vor acumula 15...20 l/mp, descărcări electrice, grindină de mici dimensiuni (1...2 cm) și intensificări ale vântului cu viteze de 40...55 km/h.",ploi/vijelii,uat_match,medium,54a1534b975bd9e7,"Local averse care vor acumula 15...20 l/mp, descărcări electrice, grindină de mici dimensiuni (1...2 cm) și intensificări ale vântului cu viteze de 40...55 km/h.",,
2026-07-11,2026-07-11T14:50:00,2026-07-11T16:00:00,nowcasting,Iași,Iași - localitati,Târgu Frumos; Hârlău; Belcești; Deleni; Podu Iloaiei; Cotnari; Scobinți; Ruginoasa; Șipote; Erbiceni; Vânători; Bălțați; Ceplenița; Vlădeni; Dumești; Ion Neculce; Sinești; Andrieșeni; Todirești; Focuri; Popești; Lungani; Brăești; Gropnița; Plugari; Coarnele Caprei; Movileni; Balș; Hărmănești; Românești; Fântânele; Costești; Cucuteni,1,Galben,"Local averse torențiale care vor acumula 15...25 l/mp, grindină de mici și medii dimensiuni (1...3 cm), descărcări electrice, intensificări ale vântului cu rafale de 50...60 km/h.",ploi/vijelii,coordGis,high,e73f5438fe85de0f,"Local averse torențiale care vor acumula 15...25 l/mp, grindină de mici și medii dimensiuni (1...3 cm), descărcări electrice, intensificări ale vântului cu rafale de 50...60 km/h.",,
2026-07-11,2026-07-11T16:40:00,2026-07-11T17:30:00,nowcasting,Mureș,Mureș - localitati,Gurghiu; Brâncovenești; Deda; Reghin; Batoș; Râciu; Aluniș; Lunca; Petelea; Solovăstru; Breaza; Vătava; Beica de Jos; Rușii-Munți; Suseni; Ideciu de Jos; Fărăgău; Crăiești; Băla; Cozma,1,Galben,"Averse torențiale care vor acumula local 15...25 l/mp, descărcări electrice, intensificări ale vântului (rafale de 50...55 km/h), grindină de mici dimensiuni (1...2 cm).",ploi/vijelii,uat_match,medium,c3475b07a212172a,"Averse torențiale care vor acumula local 15...25 l/mp, descărcări electrice, intensificări ale vântului (rafale de 50...55 km/h), grindină de mici dimensiuni (1...2 cm).",,
2026-07-11,2026-07-11T16:45:00,2026-07-11T17:30:00,nowcasting,Cluj,Cluj - localitati,Huedin; Aghireșu; Căpușu Mare; Gârbău; Izvoru Crișului,1,Galben,"Averse torențiale care vor acumula 15...25 l/mp, descărcări electrice, intensificări ale vântului (rafale de 50...55 km/h), grindină de mici dimensiuni (1...2 cm).",ploi/vijelii,uat_match,medium,2c13cc39923f9bba,"Averse torențiale care vor acumula 15...25 l/mp, descărcări electrice, intensificări ale vântului (rafale de 50...55 km/h), grindină de mici dimensiuni (1...2 cm).",,
2026-07-11,2026-07-11T16:45:00,2026-07-11T17:30:00,nowcasting,Sălaj,Sălaj - localitati,Almașu; Românași; Buciumi; Cuzăplac; Sânmihaiu Almașului; Fildu de Jos; Agrij; Zimbor; Treznea,1,Galben,"Averse torențiale care vor acumula 15...25 l/mp, descărcări electrice, intensificări ale vântului (rafale de 50...55 km/h), grindină de mici dimensiuni (1...2 cm).",ploi/vijelii,uat_match,medium,2c13cc39923f9bba,"Averse torențiale care vor acumula 15...25 l/mp, descărcări electrice, intensificări ale vântului (rafale de 50...55 km/h), grindină de mici dimensiuni (1...2 cm).",,
2026-07-11,2026-07-11T16:55:00,2026-07-11T18:20:00,nowcasting,Arad,Arad - localitati,Pecica; Sântana; Chișineu-Criș; Nădlac; Curtici; Vinga; Macea; Secusigiu; Șicula; Zimandu Nou; Șimand; Semlac; Sintea Mare; Cermei; Șepreuș; Livada; Felnac; Zărand; Șeitin; Iratoșu; Șofronea; Grăniceri; Socodor; Zădăreni; Peregu Mare; Olari; Pilu; Dorobanți,1,Galben,"Averse torențiale care vor acumula local 15...25 l/mp, descărcări electrice, intensificări ale vântului (rafale de 50...55 km/h), posibil grindină de mici dimensiuni (1...2 cm).",ploi/vijelii,uat_match,high,f189b666e518e284,"Averse torențiale care vor acumula local 15...25 l/mp, descărcări electrice, intensificări ale vântului (rafale de 50...55 km/h), posibil grindină de mici dimensiuni (1...2 cm).",,
2026-07-11,2026-07-11T16:55:00,2026-07-11T18:20:00,nowcasting,Timiș,Timiș - localitati,Sânnicolau Mare; Jimbolia; Variaș; Dudeștii Vechi; Lenauheim; Comloșu Mare; Periam; Cenad; Teremia Mare; Lovrin; Sânpetru Mare; Tomnatic; Șandra; Saravale; Gottlob; Pesac; Beba Veche; Valcani,1,Galben,"Averse torențiale care vor acumula local 15...25 l/mp, descărcări electrice, intensificări ale vântului (rafale de 50...55 km/h), posibil grindină de mici dimensiuni (1...2 cm).",ploi/vijelii,uat_match,high,f189b666e518e284,"Averse torențiale care vor acumula local 15...25 l/mp, descărcări electrice, intensificări ale vântului (rafale de 50...55 km/h), posibil grindină de mici dimensiuni (1...2 cm).",,
2026-07-11,2026-07-11T17:00:00,2026-07-11T18:00:00,nowcasting,Botoșani,Botoșani - localitati,Flămânzi; Vorona; Frumușica; Tudora; Cristești; Călărași; Hlipiceni; Todireni; Prăjeni; Răușeni,1,Galben,"Local averse care vor acumula 15...20 l/mp, descărcări electrice, grindină de mici dimensiuni (1...2 cm) și intensificări ale vântului cu viteze de 40...55 km/h.",ploi/vijelii,coordGis,high,d8090dbd4d9f626d,"Local averse care vor acumula 15...20 l/mp, descărcări electrice, grindină de mici dimensiuni (1...2 cm) și intensificări ale vântului cu viteze de 40...55 km/h.",,
2026-07-11,2026-07-11T17:00:00,2026-07-11T18:00:00,nowcasting,Iași,Iași - localitati,Hârlău; Deleni; Cotnari; Scobinți; Lespezi; Tătăruși; Șipote; Vânători; Ceplenița; Vlădeni; Andrieșeni; Sirețel; Gropnița; Plugari; Coarnele Caprei; Fântânele,1,Galben,"Local averse care vor acumula 15...20 l/mp, descărcări electrice, grindină de mici dimensiuni (1...2 cm) și intensificări ale vântului cu viteze de 40...55 km/h.",ploi/vijelii,uat_match,medium,d8090dbd4d9f626d,"Local averse care vor acumula 15...20 l/mp, descărcări electrice, grindină de mici dimensiuni (1...2 cm) și intensificări ale vântului cu viteze de 40...55 km/h.",,
2026-07-11,2026-07-11T17:00:00,2026-07-11T18:00:00,nowcasting,Suceava,Suceava - localitati,Dolhasca; Liteni,1,Galben,"Local averse care vor acumula 15...20 l/mp, descărcări electrice, grindină de mici dimensiuni (1...2 cm) și intensificări ale vântului cu viteze de 40...55 km/h.",ploi/vijelii,uat_match,high,d8090dbd4d9f626d,"Local averse care vor acumula 15...20 l/mp, descărcări electrice, grindină de mici dimensiuni (1...2 cm) și intensificări ale vântului cu viteze de 40...55 km/h.",,
2026-07-11,2026-07-11T17:00:00,2026-07-11T18:00:00,nowcasting,Vaslui,Vaslui - localitati,Vaslui; Ivănești; Văleni; Dragomirești; Zăpodeni; Lipovăț; Solești; Muntenii de Jos; Voinești; Muntenii de Sus; Laza; Pungești; Ștefan cel Mare; Poienești; Oltenești; Pușcași; Gherghești; Delești; Tătărăni; Deleni; Gârceni; Cozmești; Tanacu; Crețești; Bogdana; Bălteni,1,Galben,"Local averse care vor acumula 15...20 l/mp, descărcări electrice, grindină de mici dimensiuni (1...2 cm) și intensificări ale vântului cu viteze de 40...55 km/h.",ploi/vijelii,uat_match,medium,d8090dbd4d9f626d,"Local averse care vor acumula 15...20 l/mp, descărcări electrice, grindină de mici dimensiuni (1...2 cm) și intensificări ale vântului cu viteze de 40...55 km/h.",,
2026-07-11,2026-07-11T17:30:00,2026-07-11T18:30:00,nowcasting,Arad,Arad - localitati,Arad; Pecica; Sântana; Lipova; Ineu; Șiria; Vladimirescu; Pâncota; Vinga; Târnova; Secusigiu; Gurahonț; Zimandu Nou; Zăbrani; Ghioroc; Șagu; Semlac; Buteni; Seleuș; Almaș; Fântânele; Livada; Felnac; Covăsinț; Tauț; Conop; Păuliș; Zădăreni; Bârsa; Chisindia; Brazii; Ususău; Șilindia; Frumușeni,1,Galben,"Averse torențiale care vor acumula local 15...25 l/mp, descărcări electrice, intensificări ale vântului (rafale de 50...55 km/h), posibil grindină de mici dimensiuni (1...2 cm).",ploi/vijelii,uat_match,medium,1de8a6e138491e3d,"Averse torențiale care vor acumula local 15...25 l/mp, descărcări electrice, intensificări ale vântului (rafale de 50...55 km/h), posibil grindină de mici dimensiuni (1...2 cm).",,
2026-07-11,2026-07-11T17:30:00,2026-07-11T18:30:00,nowcasting,Caraș-Severin,Caraș-Severin - localitati,Moldova Nouă; Pojejena; Berzasca; Sichevița; Răcășdia; Sasca Montană; Coronini; Gârnic; Șopotu Nou; Vărădia; Socol; Berliște; Cărbunari; Naidăș; Vrani; Ciuchici,1,Galben,"Averse torențiale care vor acumula local 15...25 l/mp, descărcări electrice, intensificări ale vântului (rafale de 50...55 km/h), posibil grindină de mici dimensiuni (1...2 cm).",ploi/vijelii,uat_match,medium,1de8a6e138491e3d,"Averse torențiale care vor acumula local 15...25 l/mp, descărcări electrice, intensificări ale vântului (rafale de 50...55 km/h), posibil grindină de mici dimensiuni (1...2 cm).",,
2026-07-11,2026-07-11T17:30:00,2026-07-11T18:30:00,nowcasting,Timiș,Timiș - localitati,Jimbolia; Variaș; Săcălaz; Lenauheim; Cărpiniș; Sânandrei; Comloșu Mare; Periam; Satchinez; Orțișoara; Teremia Mare; Lovrin; Biled; Sânpetru Mare; Pișchia; Tomnatic; Șandra; Becicherecu Mic; Iecea Mare; Mașloc; Dudeștii Noi; Gottlob; Pesac; Checea; Fibiș; Bogda,1,Galben,"Averse torențiale care vor acumula local 15...25 l/mp, descărcări electrice, intensificări ale vântului (rafale de 50...55 km/h), posibil grindină de mici dimensiuni (1...2 cm).",ploi/vijelii,uat_match,medium,1de8a6e138491e3d,"Averse torențiale care vor acumula local 15...25 l/mp, descărcări electrice, intensificări ale vântului (rafale de 50...55 km/h), posibil grindină de mici dimensiuni (1...2 cm).",,
2026-07-11,2026-07-11T18:10:00,2026-07-11T19:10:00,nowcasting,Iași,Iași - localitati,Iași; Tomești; Holboca; Ciurea; Răducăneni; Miroslava; Popricani; Costuleni; Ciortești; Comarna; Valea Lupului; Schitu Duca; Ungheni; Prisăcani; Victoria; Bârnova; Golăiești; Gorban; Dolhești; Aroneanu; Țuțora; Moșna; Grozești,1,Galben,"Local averse care vor acumula 15...20 l/mp, descărcări electrice, grindină de mici dimensiuni (1...2 cm) și intensificări ale vântului cu viteze de 40...55 km/h.",ploi/vijelii,coordGis,high,26d8472e34bba27b,"Local averse care vor acumula 15...20 l/mp, descărcări electrice, grindină de mici dimensiuni (1...2 cm) și intensificări ale vântului cu viteze de 40...55 km/h.",,
2026-07-12,2026-07-12T05:00:00,2026-07-12T08:30:00,nowcasting,Bacău,Bacău - localitati,Filipești; Dămienești; Roșiori,1,Galben,"Ceață ce determină vizibilitate redusă, local sub 200 m și izolat sub 50 m.",ceata,uat_match,high,f0fa68b944ed3fb9,"Ceață ce determină vizibilitate redusă, local sub 200 m și izolat sub 50 m.",,
2026-07-12,2026-07-12T05:00:00,2026-07-12T08:30:00,nowcasting,Iași,Iași - localitati,Țibănești; Dagâța; Ipatele,1,Galben,"Ceață ce determină vizibilitate redusă, local sub 200 m și izolat sub 50 m.",ceata,uat_match,medium,f0fa68b944ed3fb9,"Ceață ce determină vizibilitate redusă, local sub 200 m și izolat sub 50 m.",,
2026-07-12,2026-07-12T05:00:00,2026-07-12T08:30:00,nowcasting,Neamț,Neamț - localitati,Roman; Săbăoani; Tămășeni; Cordun; Horia; Doljești; Gherăești; Trifești; Ion Creangă; Sagna; Icușești; Bahna; Secuieni; Oniceni; Valea Ursului; Dulcești; Bozieni; Moldoveni; Făurei; Gâdinți; Văleni; Pâncești; Poienari,1,Galben,"Ceață ce determină vizibilitate redusă, local sub 200 m și izolat sub 50 m.",ceata,uat_match,high,f0fa68b944ed3fb9,"Ceață ce determină vizibilitate redusă, local sub 200 m și izolat sub 50 m.",,
2026-07-12,2026-07-12T05:00:00,2026-07-12T08:30:00,nowcasting,Suceava,Suceava - localitati,Vatra Dornei; Fundu Moldovei; Șaru Dornei; Dorna Candrenilor; Pojorâta; Dorna-Arini; Iacobeni; Panaci; Poiana Stampei; Coșna,1,Galben,"Ceață ce determină vizibilitate redusă, local sub 200 m și izolat sub 50 m.",ceata,uat_match,medium,f0fa68b944ed3fb9,"Ceață ce determină vizibilitate redusă, local sub 200 m și izolat sub 50 m.",,
2026-07-12,2026-07-12T05:00:00,2026-07-12T08:30:00,nowcasting,Vaslui,Vaslui - localitati,Vaslui; Huși; Stănilești; Banca; Duda-Epureni; Pădureni; Codăești; Drânceni; Văleni; Zăpodeni; Solești; Băcești; Roșiești; Dumești; Muntenii de Jos; Rebricea; Muntenii de Sus; Hoceni; Todirești; Albești; Costești; Ștefan cel Mare; Bunești-Averești; Oșești; Oltenești; Miclești; Negrești; Tătărăni; Deleni; Dănești; Gârceni; Boțești; Tanacu; Vulturești; Ferești; Arsura; Rafaila; Crețești,1,Galben,"Ceață ce determină vizibilitate redusă, local sub 200 m și izolat sub 50 m.",ceata,uat_match,medium,f0fa68b944ed3fb9,"Ceață ce determină vizibilitate redusă, local sub 200 m și izolat sub 50 m.",,
2026-07-12,2026-07-12T12:40:00,2026-07-12T13:40:00,nowcasting,Cluj,Cluj - localitati,Turda; Câmpia Turzii; Florești; Viișoara; Mihai Viteazu; Tritenii de Jos; Iara; Săvădisla; Ceanu Mare; Luna; Feleacu; Moldovenești; Călărași; Băișoara; Petreștii de Jos; Săndulești; Ciurila; Tureni; Aiton; Ploscoș,1,Galben,"Averse torențiale care vor acumula 15...25 l/mp, descărcări electrice, intensificări ale vântului (40...60 km/h), grindină de mici dimensiuni (1...2 cm).",ploi/vijelii,uat_match,high,bb2bf7c006f51574,"Averse torențiale care vor acumula 15...25 l/mp, descărcări electrice, intensificări ale vântului (40...60 km/h), grindină de mici dimensiuni (1...2 cm).",,
2026-07-12,2026-07-12T13:05:00,2026-07-12T13:40:00,nowcasting,Cluj,Cluj - localitati,Aghireșu; Baciu; Gilău; Florești; Căpușu Mare; Gârbău; Mănăstireni; Mărișel; Rișca; Izvoru Crișului,1,Galben,"Averse torențiale care vor acumula 15...25 l/mp, descărcări electrice, intensificări ale vântului (40...60 km/h), grindină de mici dimensiuni (1...2 cm).",ploi/vijelii,coordGis,high,9b60c6b65e593a16,"Averse torențiale care vor acumula 15...25 l/mp, descărcări electrice, intensificări ale vântului (40...60 km/h), grindină de mici dimensiuni (1...2 cm).",,
2026-07-12,2026-07-12T13:56:00,2026-07-12T15:00:00,nowcasting,Mureș,Mureș - localitati,Târnăveni; Luduș; Iernut; Ungheni; Adămuș; Mica; Gănești; Bahnea; Sânpaul; Chețani; Suplac; Ogra; Băgaciu; Cuci; Cucerdea; Bogata; Viișoara; Ațintiș; Bichiș,1,Galben,"Averse care vor acumula local 15...25 l/mp, descărcări electrice, intensificări ale vântului (cu viteze de 55-60 km/h), grindină de mici dimensiuni(1...2 cm).",ploi/vijelii,coordGis,high,568cba58c8ad40b6,"Averse care vor acumula local 15...25 l/mp, descărcări electrice, intensificări ale vântului (cu viteze de 55-60 km/h), grindină de mici dimensiuni(1...2 cm).",,
2026-07-12,2026-07-12T16:00:00,2026-07-12T17:00:00,nowcasting,Olt,Olt - localitati,Caracal; Corabia; Brastavățu; Izbiceni; Fărcașele; Rusănești; Ianca; Tia Mare; Radomirești; Vădăstrița; Dăneasa; Cilieni; Traian; Grojdibodu; Vișina; Redea; Rotunda; Gostavățu; Obârșia; Deveselu; Scărișoara; Sprâncenata; Studina; Drăghiceni; Giuvărăști; Orlea; Gârcov; Băbiciu; Stoenești; Ștefan cel Mare; Mihăești; Vlădila; Vișina Nouă; Gura Padinii; Vădastra; Grădinile; Urzica; Seaca,1,Galben,"Vijelie cu viteze la rafală de 50…70 km/h, descărcări electrice, averse (10...20 l/mp)",ploi/vijelii,uat_match,medium,7a67cf3ed712cc1e,"Vijelie cu viteze la rafală de 50…70 km/h, descărcări electrice, averse (10...20 l/mp)",,
2026-07-12,2026-07-12T16:03:00,2026-07-12T17:00:00,nowcasting,Covasna,Covasna - localitati,Baraolt; Brăduț; Bățani; Belin; Vârghiș; Aita Mare; Malnaș,1,Galben,"Vijelie, viteza vântului la rafală de 50…70 km/h, descărcări electrice, averse (10...20 l/mp)",ploi/vijelii,uat_match,medium,5606a155a3d70a87,"Vijelie, viteza vântului la rafală de 50…70 km/h, descărcări electrice, averse (10...20 l/mp)",,
2026-07-12,2026-07-12T16:41:00,2026-07-12T18:00:00,nowcasting,Covasna,Covasna - localitati,Târgu Secuiesc; Sânzieni; Ghelința; Brețcu; Turia; Ojdula; Catalina; Lemnia; Poian; Mereni; Estelnic,1,Galben,"Vijelie, viteza vântului la rafală de 50…70 km/h, descărcări electrice, averse (10...20 l/mp)",ploi/vijelii,coordGis,high,f9ea046ba9eb87d0,"Vijelie, viteza vântului la rafală de 50…70 km/h, descărcări electrice, averse (10...20 l/mp)",,
2026-07-12,2026-07-12T18:29:00,2026-07-12T19:30:00,nowcasting,Mureș,Mureș - localitati,Târgu Mureș; Sarmașu; Band; Pănet; Ceuașu de Câmpie; Glodeni; Râciu; Sântana de Mureș; Zau de Câmpie; Valea Largă; Sânpetru de Câmpie; Breaza; Miheșu de Câmpie; Iclănzel; Voivodeni; Șăulia; Fărăgău; Pogăceaua; Șincai; Grebenișu de Câmpie; Mădăraș; Crăiești; Băla; Papiu Ilarian; Cozma,1,Galben,"Averse care vor acumula local 15...25 l/mp, descărcări electrice, intensificări ale vântului (cu viteze de 55-60 km/h), vijelie, grindină de mici dimensiuni(1...2 cm).",ploi/vijelii,coordGis,high,20ea730699462ded,"Averse care vor acumula local 15...25 l/mp, descărcări electrice, intensificări ale vântului (cu viteze de 55-60 km/h), vijelie, grindină de mici dimensiuni(1...2 cm).",,
2026-07-12,2026-07-12T19:09:00,2026-07-12T20:10:00,nowcasting,Mureș,Mureș - localitati,Târgu Mureș; Sovata; Sângeorgiu de Mureș; Gurghiu; Sâncraiu de Mureș; Gornești; Miercurea Nirajului; Ernei; Eremitu; Sântana de Mureș; Ghindari; Gălești; Petelea; Beica de Jos; Vărgata; Chiheru de Jos; Chibed; Livezeni; Neaua; Corunca; Sărățeni; Hodoșa; Măgherani; Bereni,1,Galben,"Averse care vor acumula local 15...25 l/mp, descărcări electrice, intensificări ale vântului (cu viteze de 55-60 km/h), grindină de mici dimensiuni(1...2 cm).",ploi/vijelii,uat_match,medium,ca7e675ff0597bf1,"Averse care vor acumula local 15...25 l/mp, descărcări electrice, intensificări ale vântului (cu viteze de 55-60 km/h), grindină de mici dimensiuni(1...2 cm).",,
2026-07-12,2026-07-12T19:15:00,2026-07-12T20:15:00,nowcasting,Caraș-Severin,Caraș-Severin - localitati,Reșița; Anina; Carașova; Lupac; Dognecea; Ciudanovița; Goruia,1,Galben,"Averse torențiale care vor acumula local 15...25 l/mp, descărcări electrice, intensificări ale vântului (rafale de 50...55 km/h), posibil grindină de mici dimensiuni (1...2 cm).",ploi/vijelii,coordGis,high,a5f83d45e474496d,"Averse torențiale care vor acumula local 15...25 l/mp, descărcări electrice, intensificări ale vântului (rafale de 50...55 km/h), posibil grindină de mici dimensiuni (1...2 cm).",,
2026-07-12,2026-07-12T19:56:00,2026-07-12T21:00:00,nowcasting,Alba,Alba - localitati,Blaj; Mihalț; Sântimbru; Berghin; Cergău; Roșia de Secaș; Ohaba; Cenade,1,Galben,"Averse care vor acumula local 15...25 l/mp, descărcări electrice, intensificări ale vântului (cu viteze de 55-60 km/h), grindină de mici dimensiuni(1...2 cm).",ploi/vijelii,uat_match,medium,89ce3d3ee7b5013d,"Averse care vor acumula local 15...25 l/mp, descărcări electrice, intensificări ale vântului (cu viteze de 55-60 km/h), grindină de mici dimensiuni(1...2 cm).",,
2026-07-12,2026-07-12T19:56:00,2026-07-12T21:00:00,nowcasting,Harghita,Harghita - localitati,Praid; Corund; Lupeni; Șimonești; Atid; Avrămești,1,Galben,"Averse care vor acumula local 15...25 l/mp, descărcări electrice, intensificări ale vântului (cu viteze de 55-60 km/h), grindină de mici dimensiuni(1...2 cm).",ploi/vijelii,uat_match,high,89ce3d3ee7b5013d,"Averse care vor acumula local 15...25 l/mp, descărcări electrice, intensificări ale vântului (cu viteze de 55-60 km/h), grindină de mici dimensiuni(1...2 cm).",,
2026-07-12,2026-07-12T19:56:00,2026-07-12T21:00:00,nowcasting,Mureș,Mureș - localitati,Miercurea Nirajului; Sângeorgiu de Pădure; Fântânele; Acățari; Ghindari; Gălești; Păsăreni; Chibed; Neaua; Bereni,1,Galben,"Averse care vor acumula local 15...25 l/mp, descărcări electrice, intensificări ale vântului (cu viteze de 55-60 km/h), grindină de mici dimensiuni(1...2 cm).",ploi/vijelii,uat_match,medium,89ce3d3ee7b5013d,"Averse care vor acumula local 15...25 l/mp, descărcări electrice, intensificări ale vântului (cu viteze de 55-60 km/h), grindină de mici dimensiuni(1...2 cm).",,
2026-07-12,2026-07-12T19:56:00,2026-07-12T21:00:00,nowcasting,Sibiu,Sibiu - localitati,Șeica Mare; Slimnic; Loamneș; Micăsasa; Păuca; Șeica Mică,1,Galben,"Averse care vor acumula local 15...25 l/mp, descărcări electrice, intensificări ale vântului (cu viteze de 55-60 km/h), grindină de mici dimensiuni(1...2 cm).",ploi/vijelii,uat_match,high,89ce3d3ee7b5013d,"Averse care vor acumula local 15...25 l/mp, descărcări electrice, intensificări ale vântului (cu viteze de 55-60 km/h), grindină de mici dimensiuni(1...2 cm).",,
2026-07-12,2026-07-12T20:35:00,2026-07-12T21:30:00,nowcasting,Botoșani,Botoșani - localitati,Botoșani; Flămânzi; Vorona; Ungureni; Corni; Mihai Eminescu; Frumușica; Albești; Trușești; Ștefănești; Bălușeni; Lunca; Tudora; Vlădeni; Cristești; Vorniceni; Curtești; Răchiți; Copălău; Vârfu Câmpului; Călărași; Avrămeni; Gorbănești; Manoleasa; Hlipiceni; Vlăsinești; Coșula; Todireni; Prăjeni; Sulița; Dângeni; Stăuceni; Roma; Santa Mare; Unțeni; Știubieni; Drăgușeni; Durnești; Nicșeni; Dobârceni; Corlăteni; Leorda; Mihălășeni; Blândești; Hănești; Brăești; Săveni; Ripiceni; Văculești; Românești; Dimăcheni; Adășeni; Răușeni; Bucecea,1,Galben,"Local averse care vor acumula 15...20 l/mp, descărcări electrice, grindină de mici dimensiuni (1...2 cm) și intensificări ale vântului cu viteze de 40...55 km/h.",ploi/vijelii,coordGis,high,ab43154047bdf34c,"Local averse care vor acumula 15...20 l/mp, descărcări electrice, grindină de mici dimensiuni (1...2 cm) și intensificări ale vântului cu viteze de 40...55 km/h.",,
2026-07-12,2026-07-12T20:57:00,2026-07-12T22:00:00,nowcasting,Sibiu,Sibiu - localitati,Agnita; Moșna; Nocrich; Bârghiș; Alțina; Chirpăr; Merghindeal; Mihăileni; Bruiu; Marpod,1,Galben,"Averse care vor acumula local 15...25 l/mp, descărcări electrice, intensificări ale vântului (cu viteze de 55-60 km/h), grindină de mici dimensiuni(1...2 cm).",ploi/vijelii,coordGis,high,565ae38128aee9b7,"Averse care vor acumula local 15...25 l/mp, descărcări electrice, intensificări ale vântului (cu viteze de 55-60 km/h), grindină de mici dimensiuni(1...2 cm).",,
2026-07-13,2026-07-13T12:10:00,2026-07-13T13:00:00,nowcasting,Giurgiu,Giurgiu - localitati,Prundu,1,Galben,"local averse torențiale care vor acumula 15...25 l/mp, descărcări electrice, grindină de mici și medii dimensiuni (2...4 cm)",ploi/vijelii,uat_match,high,273da1bf57aec61d,"local averse torențiale care vor acumula 15...25 l/mp, descărcări electrice, grindină de mici și medii dimensiuni (2...4 cm)",,
2026-07-13,2026-07-13T12:10:00,2026-07-13T13:00:00,nowcasting,Teleorman,Teleorman - localitati,Blejești; Cosmești; Purani,1,Galben,"local averse torențiale care vor acumula 15...25 l/mp, descărcări electrice, grindină de mici și medii dimensiuni (2...4 cm)",ploi/vijelii,uat_match,high,273da1bf57aec61d,"local averse torențiale care vor acumula 15...25 l/mp, descărcări electrice, grindină de mici și medii dimensiuni (2...4 cm)",,
2026-07-13,2026-07-13T12:20:00,2026-07-13T13:00:00,nowcasting,Giurgiu,Giurgiu - localitati,Ghimpați; Izvoarele; Letca Nouă; Răsuceni; Stănești; Toporu; Schitu,1,Galben,"local averse torențiale care vor acumula 15...25 l/mp, descărcări electrice, grindină de mici și medii dimensiuni (2...4 cm)",ploi/vijelii,coordGis,high,e3062d0dcf022131,"local averse torențiale care vor acumula 15...25 l/mp, descărcări electrice, grindină de mici și medii dimensiuni (2...4 cm)",,
2026-07-13,2026-07-13T12:20:00,2026-07-13T13:00:00,nowcasting,Giurgiu,Giurgiu - localitati,Ghimpați; Izvoarele; Letca Nouă; Răsuceni; Stănești; Toporu; Schitu,1,Galben,"local averse torențiale care vor acumula 15...25 l/mp, descărcări electrice, grindină de mici și medii dimensiuni (2...4 cm)",ploi/vijelii,uat_match,high,f9280b964d84823f,"local averse torențiale care vor acumula 15...25 l/mp, descărcări electrice, grindină de mici și medii dimensiuni (2...4 cm)",,
2026-07-13,2026-07-13T12:20:00,2026-07-13T13:00:00,nowcasting,Teleorman,Teleorman - localitati,Botoroaga; Drăgănești-Vlașca; Moșteni; Bujoreni,1,Galben,"local averse torențiale care vor acumula 15...25 l/mp, descărcări electrice, grindină de mici și medii dimensiuni (2...4 cm)",ploi/vijelii,uat_match,high,e3062d0dcf022131,"local averse torențiale care vor acumula 15...25 l/mp, descărcări electrice, grindină de mici și medii dimensiuni (2...4 cm)",,
2026-07-13,2026-07-13T12:20:00,2026-07-13T13:00:00,nowcasting,Teleorman,Teleorman - localitati,Bujoreni,1,Galben,"local averse torențiale care vor acumula 15...25 l/mp, descărcări electrice, grindină de mici și medii dimensiuni (2...4 cm)",ploi/vijelii,uat_match,high,f9280b964d84823f,"local averse torențiale care vor acumula 15...25 l/mp, descărcări electrice, grindină de mici și medii dimensiuni (2...4 cm)",,
2026-07-13,2026-07-13T14:35:00,2026-07-13T16:00:00,nowcasting,Iași,Iași - localitati,Vlădeni; Bivolari; Andrieșeni; Victoria; Probota; Țigănăși; Trifești; Gropnița; Movileni; Roșcani,1,Galben,"loacal averse torențiale care vor acumula 15...25 l/mp, descărcări electrice, intensificări ale vântului (50...60 km/h), grindină de mici dimensiuni (1...2 cm).",ploi/vijelii,uat_match,high,0ea3919087238a16,"loacal averse torențiale care vor acumula 15...25 l/mp, descărcări electrice, intensificări ale vântului (50...60 km/h), grindină de mici dimensiuni (1...2 cm).",,
2026-07-13,2026-07-13T14:52:00,2026-07-13T16:00:00,nowcasting,Argeș,Argeș - localitati,Ștefănești; Călinești; Topoloveni; Leordeni; Bogați; Priboieni; Căteasca; Rătești; Negrași; Beleți-Negrești; Teiu; Dobrești,1,Galben,"local averse torențiale care vor acumula 15...25 l/mp, descărcări electrice, grindină de mici dimensiuni (1...2 cm)",ploi/vijelii,uat_match,high,0d993081880f40e9,"local averse torențiale care vor acumula 15...25 l/mp, descărcări electrice, grindină de mici dimensiuni (1...2 cm)",,
2026-07-13,2026-07-13T15:30:00,2026-07-13T16:30:00,nowcasting,Olt,Olt - localitati,Corabia; Izbiceni; Tia Mare; Vișina; Giuvărăști; Gârcov; Vișina Nouă,1,Galben,"local averse torențiale care vor acumula 15...25 l/mp, descărcări electrice, grindină de mici dimensiuni (1...2 cm).",ploi/vijelii,coordGis,high,1c4d441f451d7dba,"local averse torențiale care vor acumula 15...25 l/mp, descărcări electrice, grindină de mici dimensiuni (1...2 cm).",,
